<Table>                      
  <Comment>
			Class Disposition Codes
			 M - include in master class
			 S - write a schema
			 T - include in TDO_Type file
			 I - 
			 R - include in Registry Configuration File
			 V - Vacuous - empty and not to be used in the schemas
			 C - Candidate class for ?
			 D - Candidate class for 1.2.0.0
			 E - Candidate class for 1.1.0.0
			 F - Candidate class for 1.n.0.0
			 default - defaulted to 1.0.0.0 as class is created

  </Comment>
  
  <Comment>
     PDS

  -Record- -Field- 0-Config Record Type -Field- 1-Use Flag -Field- 2-Name -Field- 3-Disposition -Field- 4-IM Section -Field-  5-Namespace -Field- 6-Steward -Record- 

  </Comment>

  <Record> <Field>Disposition</Field> <Field>I</Field> <Field>UpperModel.0001_NASA_PDS_1.%3ACLIPS_TOP_LEVEL_SLOT_CLASS</Field> <Field>1M</Field> <Field>#nm</Field> <Field>pds</Field> <Field>pds</Field> </Record> 
  <Record> <Field>Disposition</Field> <Field>Y</Field> <Field>UpperModel.0001_NASA_PDS_1.AAREADME</Field> <Field>1M</Field> <Field>#11</Field> <Field>pds</Field> <Field>pds</Field> </Record>   
  <Record> <Field>Disposition</Field> <Field>I</Field> <Field>UpperModel.0001_NASA_PDS_1.XSChoice%23</Field> <Field>1M</Field> <Field>#11</Field> <Field>pds</Field> <Field>pds</Field> </Record>   
  <Record> <Field>Disposition</Field> <Field>I</Field> <Field>UpperModel.0001_NASA_PDS_1.ChangeLog</Field> <Field>1M</Field> <Field>#11</Field> <Field>pds</Field> <Field>pds</Field> </Record>   

  <Comment> </Comment>
  
  <Record> <Field>Disposition</Field> <Field>Y</Field> <Field>UpperModel.0001_NASA_PDS_1.Product</Field> <Field>1MC</Field> <Field>#08</Field> <Field>pds</Field> <Field>pds</Field> </Record>   
  <Record> <Field>Disposition</Field> <Field>Y</Field> <Field>UpperModel.0001_NASA_PDS_1.Product_Observational</Field> <Field>1MSRC</Field> <Field>#08</Field> <Field>pds</Field> <Field>pds</Field> </Record> 
  <Record> <Field>Disposition</Field> <Field>Y</Field> <Field>UpperModel.0001_NASA_PDS_1.Product_File_Text</Field> <Field>1MSRC</Field> <Field>#08</Field> <Field>pds</Field> <Field>pds</Field> </Record> 
  <Record> <Field>Disposition</Field> <Field>Y</Field> <Field>UpperModel.0001_NASA_PDS_1.Product_Update</Field> <Field>1MSR</Field> <Field>#08</Field> <Field>pds</Field> <Field>pds</Field> </Record> 

  <Record> <Field>Disposition</Field> <Field>Y</Field> <Field>UpperModel.0001_NASA_PDS_1.Axis_Array</Field> <Field>1MTC</Field> <Field>#09</Field> <Field>pds</Field> <Field>pds</Field> </Record> 
  <Record> <Field>Disposition</Field> <Field>Y</Field> <Field>UpperModel.0001_NASA_PDS_1.Array</Field> <Field>1MTC</Field> <Field>#09</Field> <Field>pds</Field> <Field>pds</Field> </Record> 
  <Record> <Field>Disposition</Field> <Field>Y</Field> <Field>UpperModel.0001_NASA_PDS_1.Element_Array</Field> <Field>1MTC</Field> <Field>#09</Field> <Field>pds</Field> <Field>pds</Field> </Record> 
  <Record> <Field>Disposition</Field> <Field>Y</Field> <Field>UpperModel.0001_NASA_PDS_1.Array_1D</Field> <Field>1MTC</Field> <Field>#09</Field> <Field>pds</Field> <Field>pds</Field> </Record> 
  <Record> <Field>Disposition</Field> <Field>Y</Field> <Field>UpperModel.0001_NASA_PDS_1.Array_2D</Field> <Field>1MTC</Field> <Field>#09</Field> <Field>pds</Field> <Field>pds</Field> </Record> 
  <Record> <Field>Disposition</Field> <Field>Y</Field> <Field>UpperModel.0001_NASA_PDS_1.Array_2D_Image</Field> <Field>1MTC</Field> <Field>#09</Field> <Field>pds</Field> <Field>pds</Field> </Record> 
  <Record> <Field>Disposition</Field> <Field>Y</Field> <Field>UpperModel.0001_NASA_PDS_1.Array_2D_Map</Field> <Field>1MTE</Field> <Field>#09</Field> <Field>pds</Field> <Field>pds</Field> </Record> 
  <Record> <Field>Disposition</Field> <Field>Y</Field> <Field>UpperModel.0001_NASA_PDS_1.Array_2D_Spectrum</Field> <Field>1MTE</Field> <Field>#09</Field> <Field>pds</Field> <Field>pds</Field> </Record> 
  <Record> <Field>Disposition</Field> <Field>Y</Field> <Field>UpperModel.0001_NASA_PDS_1.Array_3D</Field> <Field>1MTC</Field> <Field>#09</Field> <Field>pds</Field> <Field>pds</Field> </Record> 
  <Record> <Field>Disposition</Field> <Field>Y</Field> <Field>UpperModel.0001_NASA_PDS_1.Array_3D_Image</Field> <Field>1MTE</Field> <Field>#09</Field> <Field>pds</Field> <Field>pds</Field> </Record> 
  <Record> <Field>Disposition</Field> <Field>Y</Field> <Field>UpperModel.0001_NASA_PDS_1.Array_3D_Movie</Field> <Field>1MTF</Field> <Field>#09</Field> <Field>pds</Field> <Field>pds</Field> </Record> 
  <Record> <Field>Disposition</Field> <Field>I</Field> <Field>UpperModel.0001_NASA_PDS_1.Array_3D_Map</Field> <Field>1MTC</Field> <Field>#09</Field> <Field>pds</Field> <Field>pds</Field> </Record> 
  <Record> <Field>Disposition</Field> <Field>Y</Field> <Field>UpperModel.0001_NASA_PDS_1.Array_3D_Spectrum</Field> <Field>1MTC</Field> <Field>#09</Field> <Field>pds</Field> <Field>pds</Field> </Record> 
  <Record> <Field>Disposition</Field> <Field>I</Field> <Field>UpperModel.0001_NASA_PDS_1.Array_3D_Spectral_Map</Field> <Field>1MTC</Field> <Field>#09</Field> <Field>pds</Field> <Field>pds</Field> </Record> 
  <Record> <Field>Disposition</Field> <Field>I</Field> <Field>UpperModel.0001_NASA_PDS_1.Array_3D_Spectral_Movie</Field> <Field>1MTC</Field> <Field>#09</Field> <Field>pds</Field> <Field>pds</Field> </Record> 
  <Record> <Field>Disposition</Field> <Field>Y</Field> <Field>UpperModel.0001_NASA_PDS_1.Table_Delimited</Field> <Field>1MTC</Field> <Field>#09</Field> <Field>pds</Field> <Field>pds</Field> </Record> 
  <Record> <Field>Disposition</Field> <Field>Y</Field> <Field>UpperModel.0001_NASA_PDS_1.Table_Delimited_Source_Product_Internal</Field> <Field>1MTC</Field> <Field>#09</Field> <Field>pds</Field> <Field>pds</Field> </Record> 
  <Record> <Field>Disposition</Field> <Field>Y</Field> <Field>UpperModel.0001_NASA_PDS_1.Table_Delimited_Source_Product_External</Field> <Field>1MTC</Field> <Field>#09</Field> <Field>pds</Field> <Field>pds</Field> </Record> 
  <Record> <Field>Disposition</Field> <Field>Y</Field> <Field>UpperModel.0001_NASA_PDS_1.Record_Delimited</Field> <Field>1MTC</Field> <Field>#09</Field> <Field>pds</Field> <Field>pds</Field> </Record> 
  <Record> <Field>Disposition</Field> <Field>Y</Field> <Field>UpperModel.0001_NASA_PDS_1.Field_Delimited</Field> <Field>1MTC</Field> <Field>#09</Field> <Field>pds</Field> <Field>pds</Field> </Record> 
  <Record> <Field>Disposition</Field> <Field>Y</Field> <Field>UpperModel.0001_NASA_PDS_1.Group_Field_Delimited</Field> <Field>1MT</Field> <Field>#09</Field> <Field>pds</Field> <Field>pds</Field> </Record> 
  <Record> <Field>Disposition</Field> <Field>Y</Field> <Field>UpperModel.0001_NASA_PDS_1.Encoded_Byte_Stream</Field> <Field>1MC</Field> <Field>#09</Field> <Field>pds</Field> <Field>pds</Field> </Record> 
  <Record> <Field>Disposition</Field> <Field>Y</Field> <Field>UpperModel.0001_NASA_PDS_1.Header</Field> <Field>1MSTC</Field> <Field>#09</Field> <Field>pds</Field> <Field>pds</Field> </Record> 
  <Record> <Field>Disposition</Field> <Field>Y</Field> <Field>UpperModel.0001_NASA_PDS_1.Encoded_Header</Field> <Field>1MST</Field> <Field>#09</Field> <Field>pds</Field> <Field>pds</Field> </Record> 
  <Record> <Field>Disposition</Field> <Field>Y</Field> <Field>UpperModel.0001_NASA_PDS_1.Byte_Stream</Field> <Field>1MC</Field> <Field>#09</Field> <Field>pds</Field> <Field>pds</Field> </Record> 
  <Record> <Field>Disposition</Field> <Field>Y</Field> <Field>UpperModel.0001_NASA_PDS_1.Parsable_Byte_Stream</Field> <Field>1MC</Field> <Field>#09</Field> <Field>pds</Field> <Field>pds</Field> </Record> 
  <Record> <Field>Disposition</Field> <Field>Y</Field> <Field>UpperModel.0001_NASA_PDS_1.Stream_Text</Field> <Field>1MTC</Field> <Field>#09</Field> <Field>pds</Field> <Field>pds</Field> </Record> 
  <Record> <Field>Disposition</Field> <Field>Y</Field> <Field>UpperModel.0001_NASA_PDS_1.Table_Base</Field> <Field>1MTC</Field> <Field>#09</Field> <Field>pds</Field> <Field>pds</Field> </Record> 
  <Record> <Field>Disposition</Field> <Field>Y</Field> <Field>UpperModel.0001_NASA_PDS_1.Record</Field> <Field>1MTC</Field> <Field>#09</Field> <Field>pds</Field> <Field>pds</Field> </Record> 
  <Record> <Field>Disposition</Field> <Field>Y</Field> <Field>UpperModel.0001_NASA_PDS_1.Field</Field> <Field>1MTC</Field> <Field>#09</Field> <Field>pds</Field> <Field>pds</Field> </Record> 
  <Record> <Field>Disposition</Field> <Field>Y</Field> <Field>UpperModel.0001_NASA_PDS_1.Group</Field> <Field>1MT</Field> <Field>#09</Field> <Field>pds</Field> <Field>pds</Field> </Record> 
  <Record> <Field>Disposition</Field> <Field>Y</Field> <Field>UpperModel.0001_NASA_PDS_1.Table_Binary</Field> <Field>1MTC</Field> <Field>#09</Field> <Field>pds</Field> <Field>pds</Field> </Record> 
  <Record> <Field>Disposition</Field> <Field>Y</Field> <Field>UpperModel.0001_NASA_PDS_1.Record_Binary</Field> <Field>1MTC</Field> <Field>#09</Field> <Field>pds</Field> <Field>pds</Field> </Record> 
  <Record> <Field>Disposition</Field> <Field>Y</Field> <Field>UpperModel.0001_NASA_PDS_1.Field_Binary</Field> <Field>1MTC</Field> <Field>#09</Field> <Field>pds</Field> <Field>pds</Field> </Record> 
  <Record> <Field>Disposition</Field> <Field>Y</Field> <Field>UpperModel.0001_NASA_PDS_1.Field_Bit</Field> <Field>1MTC</Field> <Field>#09</Field> <Field>pds</Field> <Field>pds</Field> </Record> 
  <Record> <Field>Disposition</Field> <Field>Y</Field> <Field>UpperModel.0001_NASA_PDS_1.Group_Field_Binary</Field> <Field>1MT</Field> <Field>#09</Field> <Field>pds</Field> <Field>pds</Field> </Record> 
  <Record> <Field>Disposition</Field> <Field>Y</Field> <Field>UpperModel.0001_NASA_PDS_1.Packed_Data_Fields</Field> <Field>1MTC</Field> <Field>#09</Field> <Field>pds</Field> <Field>pds</Field> </Record> 
  <Record> <Field>Disposition</Field> <Field>Y</Field> <Field>UpperModel.0001_NASA_PDS_1.Table_Character</Field> <Field>1MTC</Field> <Field>#09</Field> <Field>pds</Field> <Field>pds</Field> </Record> 
  <Record> <Field>Disposition</Field> <Field>Y</Field> <Field>UpperModel.0001_NASA_PDS_1.Record_Character</Field> <Field>1MTC</Field> <Field>#09</Field> <Field>pds</Field> <Field>pds</Field> </Record> 
  <Record> <Field>Disposition</Field> <Field>Y</Field> <Field>UpperModel.0001_NASA_PDS_1.Field_Character</Field> <Field>1MTC</Field> <Field>#09</Field> <Field>pds</Field> <Field>pds</Field> </Record> 
  <Record> <Field>Disposition</Field> <Field>Y</Field> <Field>UpperModel.0001_NASA_PDS_1.Group_Field_Character</Field> <Field>1MT</Field> <Field>#09</Field> <Field>pds</Field> <Field>pds</Field> </Record> 
  <Record> <Field>Disposition</Field> <Field>I</Field> <Field>UpperModel.0001_NASA_PDS_1.Ingest_LDD_File</Field> <Field>1MT</Field> <Field>#09</Field> <Field>pds</Field> <Field>pds</Field> </Record> 
  
  <Record> <Field>Disposition</Field> <Field>Y</Field> <Field>UpperModel.0001_NASA_PDS_1.Alias</Field> <Field>1M</Field> <Field>#10</Field> <Field>pds</Field> <Field>pds</Field> </Record>  
  <Record> <Field>Disposition</Field> <Field>Y</Field> <Field>UpperModel.0001_NASA_PDS_1.Alias_List</Field> <Field>1M</Field> <Field>#10</Field> <Field>pds</Field> <Field>pds</Field> </Record>  
  <Record> <Field>Disposition</Field> <Field>Y</Field> <Field>UpperModel.0001_NASA_PDS_1.Citation_Information</Field> <Field>1MC</Field> <Field>#10</Field> <Field>pds</Field> <Field>pds</Field> </Record>  
  <Record> <Field>Disposition</Field> <Field>Y</Field> <Field>UpperModel.0001_NASA_PDS_1.Field_Statistics</Field> <Field>1MTC</Field> <Field>#10</Field> <Field>pds</Field> <Field>pds</Field> </Record> 
  <Record> <Field>Disposition</Field> <Field>Y</Field> <Field>UpperModel.0001_NASA_PDS_1.File_Area</Field> <Field>1MC</Field> <Field>#10</Field> <Field>pds</Field> <Field>pds</Field> </Record> 
  <Record> <Field>Disposition</Field> <Field>Y</Field> <Field>UpperModel.0001_NASA_PDS_1.File_Area_Observational</Field> <Field>1MC</Field> <Field>#10</Field> <Field>pds</Field> <Field>pds</Field> </Record> 
  <Record> <Field>Disposition</Field> <Field>Y</Field> <Field>UpperModel.0001_NASA_PDS_1.File_Area_Observational_Supplemental</Field> <Field>1MC</Field> <Field>#10</Field> <Field>pds</Field> <Field>pds</Field> </Record> 
  <Record> <Field>Disposition</Field> <Field>Y</Field> <Field>UpperModel.0001_NASA_PDS_1.File_Area_SPICE_Kernel</Field> <Field>1MC</Field> <Field>#10</Field> <Field>pds</Field> <Field>pds</Field> </Record> 
  <Record> <Field>Disposition</Field> <Field>Y</Field> <Field>UpperModel.0001_NASA_PDS_1.File_Area_Text</Field> <Field>1MC</Field> <Field>#10</Field> <Field>pds</Field> <Field>pds</Field> </Record> 
  <Record> <Field>Disposition</Field> <Field>Y</Field> <Field>UpperModel.0001_NASA_PDS_1.File</Field> <Field>1MC</Field> <Field>#10</Field> <Field>pds</Field> <Field>pds</Field> </Record> 
  <Record> <Field>Disposition</Field> <Field>Y</Field> <Field>UpperModel.0001_NASA_PDS_1.Identification_Area</Field> <Field>1MC</Field> <Field>#10</Field> <Field>pds</Field> <Field>pds</Field> </Record> 
  <Record> <Field>Disposition</Field> <Field>Y</Field> <Field>UpperModel.0001_NASA_PDS_1.Modification_Detail</Field> <Field>1MC</Field> <Field>#10</Field> <Field>pds</Field> <Field>pds</Field> </Record>  
  <Record> <Field>Disposition</Field> <Field>Y</Field> <Field>UpperModel.0001_NASA_PDS_1.Modification_History</Field> <Field>1MC</Field> <Field>#10</Field> <Field>pds</Field> <Field>pds</Field> </Record>  
  <Record> <Field>Disposition</Field> <Field>Y</Field> <Field>UpperModel.0001_NASA_PDS_1.Display_2D_Image</Field> <Field>1MTC</Field> <Field>#10</Field> <Field>pds</Field> <Field>pds</Field> </Record> 
  <Record> <Field>Disposition</Field> <Field>Y</Field> <Field>UpperModel.0001_NASA_PDS_1.Mission_Area</Field> <Field>1MC</Field> <Field>#10</Field> <Field>pds</Field> <Field>pds</Field> </Record> 
  <Record> <Field>Disposition</Field> <Field>Y</Field> <Field>UpperModel.0001_NASA_PDS_1.Discipline_Area</Field> <Field>1MC</Field> <Field>#10</Field> <Field>pds</Field> <Field>pds</Field> </Record> 
  <Record> <Field>Disposition</Field> <Field>Y</Field> <Field>UpperModel.0001_NASA_PDS_1.Object_Statistics</Field> <Field>1MTC</Field> <Field>#10</Field> <Field>pds</Field> <Field>pds</Field> </Record> 
  <Record> <Field>Disposition</Field> <Field>Y</Field> <Field>UpperModel.0001_NASA_PDS_1.Time_Coordinates</Field> <Field>1MC</Field> <Field>#10</Field> <Field>pds</Field> <Field>pds</Field> </Record> 

  <Record> <Field>Disposition</Field> <Field>Y</Field> <Field>UpperModel.0001_NASA_PDS_1.Composite_Structure</Field> <Field>1MC</Field> <Field>#10</Field> <Field>pds</Field> <Field>pds</Field> </Record> 
  <Record> <Field>Disposition</Field> <Field>Y</Field> <Field>UpperModel.0001_NASA_PDS_1.Local_ID_Reference</Field> <Field>1MC</Field> <Field>#10</Field> <Field>pds</Field> <Field>pds</Field> </Record> 
  <Record> <Field>Disposition</Field> <Field>Y</Field> <Field>UpperModel.0001_NASA_PDS_1.Local_ID_Relation</Field> <Field>1MC</Field> <Field>#10</Field> <Field>pds</Field> <Field>pds</Field> </Record> 

  <Record> <Field>Disposition</Field> <Field>I</Field> <Field>UpperModel.0001_NASA_PDS_1.Product_Virtual</Field> <Field>1MC</Field> <Field>#10</Field> <Field>pds</Field> <Field>pds</Field> </Record> 
  <Record> <Field>Disposition</Field> <Field>I</Field> <Field>UpperModel.0001_NASA_PDS_1.Virtual_Area</Field> <Field>1MC</Field> <Field>#10</Field> <Field>pds</Field> <Field>pds</Field> </Record> 
  <Record> <Field>Disposition</Field> <Field>I</Field> <Field>UpperModel.0001_NASA_PDS_1.Virtual_Structure</Field> <Field>1MC</Field> <Field>#10</Field> <Field>pds</Field> <Field>pds</Field> </Record> 
  <Record> <Field>Disposition</Field> <Field>I</Field> <Field>UpperModel.0001_NASA_PDS_1.Virtual_Relation</Field> <Field>1MC</Field> <Field>#10</Field> <Field>pds</Field> <Field>pds</Field> </Record> 
  <Record> <Field>Disposition</Field> <Field>I</Field> <Field>UpperModel.0001_NASA_PDS_1.Virtual_Reference</Field> <Field>1MC</Field> <Field>#10</Field> <Field>pds</Field> <Field>pds</Field> </Record> 
  <Record> <Field>Disposition</Field> <Field>I</Field> <Field>UpperModel.0001_NASA_PDS_1.LID_ID_Reference</Field> <Field>1MC</Field> <Field>#10</Field> <Field>pds</Field> <Field>pds</Field> </Record> 
  <Record> <Field>Disposition</Field> <Field>I</Field> <Field>UpperModel.0001_NASA_PDS_1.LID_ID_Reference_To</Field> <Field>1MC</Field> <Field>#10</Field> <Field>pds</Field> <Field>pds</Field> </Record> 
  <Record> <Field>Disposition</Field> <Field>I</Field> <Field>UpperModel.0001_NASA_PDS_1.LID_ID_Reference_From</Field> <Field>1MC</Field> <Field>#10</Field> <Field>pds</Field> <Field>pds</Field> </Record> 
  <Record> <Field>Disposition</Field> <Field>I</Field> <Field>UpperModel.0001_NASA_PDS_1.LIDVID_ID_Reference</Field> <Field>1MC</Field> <Field>#10</Field> <Field>pds</Field> <Field>pds</Field> </Record> 
  <Record> <Field>Disposition</Field> <Field>I</Field> <Field>UpperModel.0001_NASA_PDS_1.LIDVID_ID_Reference_To</Field> <Field>1MC</Field> <Field>#10</Field> <Field>pds</Field> <Field>pds</Field> </Record> 
  <Record> <Field>Disposition</Field> <Field>I</Field> <Field>UpperModel.0001_NASA_PDS_1.LIDVID_ID_Reference_From</Field> <Field>1MC</Field> <Field>#10</Field> <Field>pds</Field> <Field>pds</Field> </Record> 

  <Record> <Field>Disposition</Field> <Field>Y</Field> <Field>UpperModel.0001_NASA_PDS_1.Primary_Result_Summary</Field> <Field>1ME</Field> <Field>#10</Field> <Field>pds</Field> <Field>pds</Field> </Record> 
  <Record> <Field>Disposition</Field> <Field>Y</Field> <Field>UpperModel.0001_NASA_PDS_1.Science_Facets</Field> <Field>1ME</Field> <Field>#10</Field> <Field>pds</Field> <Field>pds</Field> </Record> 
  <Record> <Field>Disposition</Field> <Field>Y</Field> <Field>UpperModel.0001_NASA_PDS_1.Discipline_Facets</Field> <Field>1ME</Field> <Field>#10</Field> <Field>pds</Field> <Field>pds</Field> </Record> 
  <Record> <Field>Disposition</Field> <Field>Y</Field> <Field>UpperModel.0001_NASA_PDS_1.Group_Facet1</Field> <Field>1ME</Field> <Field>#10</Field> <Field>pds</Field> <Field>pds</Field> </Record> 
  <Record> <Field>Disposition</Field> <Field>Y</Field> <Field>UpperModel.0001_NASA_PDS_1.Group_Facet2</Field> <Field>1ME</Field> <Field>#10</Field> <Field>pds</Field> <Field>pds</Field> </Record> 

  <Record> <Field>Disposition</Field> <Field>Y</Field> <Field>UpperModel.0001_NASA_PDS_1.Investigation_Area</Field> <Field>1MC</Field> <Field>#10</Field> <Field>pds</Field> <Field>pds</Field> </Record> 
  <Record> <Field>Disposition</Field> <Field>Y</Field> <Field>UpperModel.0001_NASA_PDS_1.Target_Identification</Field> <Field>1MC</Field> <Field>#10</Field> <Field>pds</Field> <Field>pds</Field> </Record> 
  <Record> <Field>Disposition</Field> <Field>Y</Field> <Field>UpperModel.0001_NASA_PDS_1.Reference_List</Field> <Field>1MC</Field> <Field>#10</Field> <Field>pds</Field> <Field>pds</Field> </Record> 
  <Record> <Field>Disposition</Field> <Field>Y</Field> <Field>UpperModel.0001_NASA_PDS_1.Internal_Reference</Field> <Field>1MC</Field> <Field>#10</Field> <Field>pds</Field> <Field>pds</Field> </Record> 
  <Record> <Field>Disposition</Field> <Field>Y</Field> <Field>UpperModel.0001_NASA_PDS_1.Local_Internal_Reference</Field> <Field>1MC</Field> <Field>#10</Field> <Field>pds</Field> <Field>pds</Field> </Record> 
  <Record> <Field>Disposition</Field> <Field>Y</Field> <Field>UpperModel.0001_NASA_PDS_1.External_Reference</Field> <Field>1MC</Field> <Field>#10</Field> <Field>pds</Field> <Field>pds</Field> </Record> 
  <Record> <Field>Disposition</Field> <Field>Y</Field> <Field>UpperModel.0001_NASA_PDS_1.Source_Product_Internal</Field> <Field>1MC</Field> <Field>#10</Field> <Field>pds</Field> <Field>pds</Field> </Record> 
  <Record> <Field>Disposition</Field> <Field>Y</Field> <Field>UpperModel.0001_NASA_PDS_1.Source_Product_External</Field> <Field>1MC</Field> <Field>#10</Field> <Field>pds</Field> <Field>pds</Field> </Record> 
  <Record> <Field>Disposition</Field> <Field>Y</Field> <Field>UpperModel.0001_NASA_PDS_1.Context_Area</Field> <Field>1MC</Field> <Field>#10</Field> <Field>pds</Field> <Field>pds</Field> </Record> 
  <Record> <Field>Disposition</Field> <Field>Y</Field> <Field>UpperModel.0001_NASA_PDS_1.Observation_Area</Field> <Field>1MC</Field> <Field>#10</Field> <Field>pds</Field> <Field>pds</Field> </Record> 
  <Record> <Field>Disposition</Field> <Field>Y</Field> <Field>UpperModel.0001_NASA_PDS_1.Observing_System</Field> <Field>1MC</Field> <Field>#10</Field> <Field>pds</Field> <Field>pds</Field> </Record> 
  <Record> <Field>Disposition</Field> <Field>Y</Field> <Field>UpperModel.0001_NASA_PDS_1.Observing_System_Component</Field> <Field>1MC</Field> <Field>#10</Field> <Field>pds</Field> <Field>pds</Field> </Record> 
  <Record> <Field>Disposition</Field> <Field>Y</Field> <Field>UpperModel.0001_NASA_PDS_1.Product_Components</Field> <Field>1MV</Field> <Field>#10</Field> <Field>pds</Field> <Field>pds</Field> </Record> 
  <Record> <Field>Disposition</Field> <Field>Y</Field> <Field>UpperModel.0001_NASA_PDS_1.Special_Constants</Field> <Field>1MTC</Field> <Field>#10</Field> <Field>pds</Field> <Field>pds</Field> </Record> 
  <Record> <Field>Disposition</Field> <Field>Y</Field> <Field>UpperModel.0001_NASA_PDS_1.Uniformly_Sampled</Field> <Field>1MTC</Field> <Field>#10</Field> <Field>pds</Field> <Field>pds</Field> </Record> 
  <Record> <Field>Disposition</Field> <Field>Y</Field> <Field>UpperModel.0001_NASA_PDS_1.Update_Entry</Field> <Field>1M</Field> <Field>#10</Field> <Field>pds</Field> <Field>pds</Field> </Record> 
  <Record> <Field>Disposition</Field> <Field>Y</Field> <Field>UpperModel.0001_NASA_PDS_1.Update</Field> <Field>1M</Field> <Field>#10</Field> <Field>pds</Field> <Field>pds</Field> </Record> 
  <Record> <Field>Disposition</Field> <Field>Y</Field> <Field>UpperModel.0001_NASA_PDS_1.Vector</Field> <Field>1MTC</Field> <Field>#10</Field> <Field>pds</Field> <Field>pds</Field> </Record> 
  <Record> <Field>Disposition</Field> <Field>Y</Field> <Field>UpperModel.0001_NASA_PDS_1.Vector_Component</Field> <Field>1MTC</Field> <Field>#10</Field> <Field>pds</Field> <Field>pds</Field> </Record> 
  <Record> <Field>Disposition</Field> <Field>Y</Field> <Field>UpperModel.0001_NASA_PDS_1.Vector_Cartesian_3</Field> <Field>1MTC</Field> <Field>#10</Field> <Field>pds</Field> <Field>pds</Field> </Record> 
  <Record> <Field>Disposition</Field> <Field>Y</Field> <Field>UpperModel.0001_NASA_PDS_1.Vector_Cartesian_3_Position</Field> <Field>1MTC</Field> <Field>#10</Field> <Field>pds</Field> <Field>pds</Field> </Record> 
  <Record> <Field>Disposition</Field> <Field>Y</Field> <Field>UpperModel.0001_NASA_PDS_1.Vector_Cartesian_3_Velocity</Field> <Field>1MTC</Field> <Field>#10</Field> <Field>pds</Field> <Field>pds</Field> </Record> 
  <Record> <Field>Disposition</Field> <Field>Y</Field> <Field>UpperModel.0001_NASA_PDS_1.Vector_Cartesian_3_Acceleration</Field> <Field>1MTC</Field> <Field>#10</Field> <Field>pds</Field> <Field>pds</Field> </Record> 
  <Record> <Field>Disposition</Field> <Field>Y</Field> <Field>UpperModel.0001_NASA_PDS_1.Vector_Cartesian_3_Pointing</Field> <Field>1MTC</Field> <Field>#10</Field> <Field>pds</Field> <Field>pds</Field> </Record> 

  <Record> <Field>Disposition</Field> <Field>Y</Field> <Field>UpperModel.0001_NASA_PDS_1.Product_Ancillary</Field> <Field>1MSR</Field> <Field>#11</Field> <Field>pds</Field> <Field>pds</Field> </Record> 
  <Record> <Field>Disposition</Field> <Field>Y</Field> <Field>UpperModel.0001_NASA_PDS_1.Product_Browse</Field> <Field>1MSR</Field> <Field>#11</Field> <Field>pds</Field> <Field>pds</Field> </Record> 
  <Record> <Field>Disposition</Field> <Field>Y</Field> <Field>UpperModel.0001_NASA_PDS_1.Product_Document</Field> <Field>1MSRC</Field> <Field>#11</Field> <Field>pds</Field> <Field>pds</Field> </Record> 
  <Record> <Field>Disposition</Field> <Field>Y</Field> <Field>UpperModel.0001_NASA_PDS_1.Product_Native</Field> <Field>1MSRD</Field> <Field>#11</Field> <Field>pds</Field> <Field>pds</Field> </Record> 
  <Record> <Field>Disposition</Field> <Field>I</Field> <Field>UpperModel.0001_NASA_PDS_1.Product_Telemetry</Field> <Field>1MSRD</Field> <Field>#11</Field> <Field>pds</Field> <Field>pds</Field> </Record> 
  <Record> <Field>Disposition</Field> <Field>Y</Field> <Field>UpperModel.0001_NASA_PDS_1.Product_SPICE_Kernel</Field> <Field>1MSRC</Field> <Field>#11</Field> <Field>pds</Field> <Field>pds</Field> </Record> 
  <Record> <Field>Disposition</Field> <Field>Y</Field> <Field>UpperModel.0001_NASA_PDS_1.Product_Thumbnail</Field> <Field>1MSR</Field> <Field>#11</Field> <Field>pds</Field> <Field>pds</Field> </Record> 
  <Record> <Field>Disposition</Field> <Field>Y</Field> <Field>UpperModel.0001_NASA_PDS_1.Product_Metadata_Supplemental</Field> <Field>1MSR</Field> <Field>#11</Field> <Field>pds</Field> <Field>pds</Field> </Record> 
  <Record> <Field>Disposition</Field> <Field>Y</Field> <Field>UpperModel.0001_NASA_PDS_1.Product_XML_Schema</Field> <Field>1MSRC</Field> <Field>#11</Field> <Field>pds</Field> <Field>pds</Field> </Record> 
  <Record> <Field>Disposition</Field> <Field>I</Field> <Field>UpperModel.0001_NASA_PDS_1.Product_Ingest_LDD</Field> <Field>1MSRC</Field> <Field>#11</Field> <Field>pds</Field> <Field>pds</Field> </Record> 
  <Record> <Field>Disposition</Field> <Field>Y</Field> <Field>UpperModel.0001_NASA_PDS_1.Product_Zipped</Field> <Field>oMSR</Field> <Field>#11</Field> <Field>pds</Field> <Field>ops</Field> </Record> 

  <Record> <Field>Disposition</Field> <Field>N</Field> <Field>UpperModel.0001_NASA_PDS_1.Document_Format</Field> <Field>1MC</Field> <Field>#12</Field> <Field>pds</Field> <Field>pds</Field> </Record>   
  <Record> <Field>Disposition</Field> <Field>Y</Field> <Field>UpperModel.0001_NASA_PDS_1.Document_Edition</Field> <Field>1MC</Field> <Field>#12</Field> <Field>pds</Field> <Field>pds</Field> </Record>   
  <Record> <Field>Disposition</Field> <Field>Y</Field> <Field>UpperModel.0001_NASA_PDS_1.Document_File</Field> <Field>1MC</Field> <Field>#12</Field> <Field>pds</Field> <Field>pds</Field> </Record> 
  <Record> <Field>Disposition</Field> <Field>Y</Field> <Field>UpperModel.0001_NASA_PDS_1.Document</Field> <Field>1MC</Field> <Field>#12</Field> <Field>pds</Field> <Field>pds</Field> </Record> 
  <Record> <Field>Disposition</Field> <Field>N</Field> <Field>UpperModel.0001_NASA_PDS_1.Document_Format_Set</Field> <Field>1MC</Field> <Field>#12</Field> <Field>pds</Field> <Field>pds</Field> </Record> 
  <Record> <Field>Disposition</Field> <Field>Y</Field> <Field>UpperModel.0001_NASA_PDS_1.Encoded_Image</Field> <Field>1MTC</Field> <Field>#12</Field> <Field>pds</Field> <Field>pds</Field> </Record> 
  <Record> <Field>Disposition</Field> <Field>Y</Field> <Field>UpperModel.0001_NASA_PDS_1.Encoded_Binary</Field> <Field>1MT</Field> <Field>#12</Field> <Field>pds</Field> <Field>pds</Field> </Record> 
  <Record> <Field>Disposition</Field> <Field>Y</Field> <Field>UpperModel.0001_NASA_PDS_1.Encoded_Audio</Field> <Field>1MT</Field> <Field>#12</Field> <Field>pds</Field> <Field>pds</Field> </Record> 
  <Record> <Field>Disposition</Field> <Field>Y</Field> <Field>UpperModel.0001_NASA_PDS_1.Encoded_Native</Field> <Field>1MT</Field> <Field>#12</Field> <Field>pds</Field> <Field>pds</Field> </Record> 
  <Record> <Field>Disposition</Field> <Field>I</Field> <Field>UpperModel.0001_NASA_PDS_1.Encoded_Telemetry</Field> <Field>1MT</Field> <Field>#12</Field> <Field>pds</Field> <Field>pds</Field> </Record> 
  <Record> <Field>Disposition</Field> <Field>Y</Field> <Field>UpperModel.0001_NASA_PDS_1.File_Area_Encoded_Image</Field> <Field>1MC</Field> <Field>#12</Field> <Field>pds</Field> <Field>pds</Field> </Record>
  <Record> <Field>Disposition</Field> <Field>Y</Field> <Field>UpperModel.0001_NASA_PDS_1.File_PDF</Field> <Field>1MT</Field> <Field>#12</Field> <Field>pds</Field> <Field>pds</Field> </Record> 
  <Record> <Field>Disposition</Field> <Field>Y</Field> <Field>UpperModel.0001_NASA_PDS_1.File_Area_Browse</Field> <Field>1M</Field> <Field>#12</Field> <Field>pds</Field> <Field>pds</Field> </Record> 
  <Record> <Field>Disposition</Field> <Field>Y</Field> <Field>UpperModel.0001_NASA_PDS_1.File_Area_Ancillary</Field> <Field>1M</Field> <Field>#12</Field> <Field>pds</Field> <Field>pds</Field> </Record> 
  <Record> <Field>Disposition</Field> <Field>Y</Field> <Field>UpperModel.0001_NASA_PDS_1.File_Area_Native</Field> <Field>1MD</Field> <Field>#12</Field> <Field>pds</Field> <Field>pds</Field> </Record> 
  <Record> <Field>Disposition</Field> <Field>I</Field> <Field>UpperModel.0001_NASA_PDS_1.File_Area_Telemetry</Field> <Field>1MD</Field> <Field>#12</Field> <Field>pds</Field> <Field>pds</Field> </Record> 
  <Record> <Field>Disposition</Field> <Field>Y</Field> <Field>UpperModel.0001_NASA_PDS_1.File_Area_Metadata</Field> <Field>1MD</Field> <Field>#12</Field> <Field>pds</Field> <Field>pds</Field> </Record> 
  <Record> <Field>Disposition</Field> <Field>Y</Field> <Field>UpperModel.0001_NASA_PDS_1.SPICE_Kernel</Field> <Field>1MTC</Field> <Field>#12</Field> <Field>pds</Field> <Field>pds</Field> </Record> 
  <Record> <Field>Disposition</Field> <Field>Y</Field> <Field>UpperModel.0001_NASA_PDS_1.XML_Schema</Field> <Field>1MTC</Field> <Field>#12</Field> <Field>pds</Field> <Field>pds</Field> </Record> 
  <Record> <Field>Disposition</Field> <Field>Y</Field> <Field>UpperModel.0001_NASA_PDS_1.Zip</Field> <Field>1M</Field> <Field>#12</Field> <Field>pds</Field> <Field>pds</Field> </Record> 

  <Record> <Field>Disposition</Field> <Field>Y</Field> <Field>UpperModel.0001_NASA_PDS_1.Product_Context</Field> <Field>1MSR</Field> <Field>#13</Field> <Field>pds</Field> <Field>pds</Field> </Record> 

  <Record> <Field>Disposition</Field> <Field>Y</Field> <Field>UpperModel.0001_NASA_PDS_1.Instrument</Field> <Field>1M</Field> <Field>#14</Field> <Field>pds</Field> <Field>pds</Field> </Record> 
  <Record> <Field>Disposition</Field> <Field>Y</Field> <Field>UpperModel.0001_NASA_PDS_1.Instrument_Host</Field> <Field>1M</Field> <Field>#14</Field> <Field>pds</Field> <Field>pds</Field> </Record> 
  <Record> <Field>Disposition</Field> <Field>Y</Field> <Field>UpperModel.0001_NASA_PDS_1.Investigation</Field> <Field>1M</Field> <Field>#14</Field> <Field>pds</Field> <Field>pds</Field> </Record> 
  <Record> <Field>Disposition</Field> <Field>Y</Field> <Field>UpperModel.0001_NASA_PDS_1.Other</Field> <Field>1M</Field> <Field>#14</Field> <Field>pds</Field> <Field>pds</Field> </Record> 
  <Record> <Field>Disposition</Field> <Field>Y</Field> <Field>UpperModel.0001_NASA_PDS_1.Resource</Field> <Field>1M</Field> <Field>#14</Field> <Field>pds</Field> <Field>pds</Field> </Record> 
  <Record> <Field>Disposition</Field> <Field>Y</Field> <Field>UpperModel.0001_NASA_PDS_1.Rover</Field> <Field>1M</Field> <Field>#14</Field> <Field>pds</Field> <Field>pds</Field> </Record> 
  <Record> <Field>Disposition</Field> <Field>Y</Field> <Field>UpperModel.0001_NASA_PDS_1.Target</Field> <Field>1M</Field> <Field>#14</Field> <Field>pds</Field> <Field>pds</Field> </Record> 
  <Record> <Field>Disposition</Field> <Field>Y</Field> <Field>UpperModel.0001_NASA_PDS_1.Facility</Field> <Field>1M</Field> <Field>#14</Field> <Field>pds</Field> <Field>pds</Field> </Record> 
  <Record> <Field>Disposition</Field> <Field>Y</Field> <Field>UpperModel.0001_NASA_PDS_1.Airborne</Field> <Field>1M</Field> <Field>#14</Field> <Field>pds</Field> <Field>pds</Field> </Record> 
  <Record> <Field>Disposition</Field> <Field>Y</Field> <Field>UpperModel.0001_NASA_PDS_1.Telescope</Field> <Field>1M</Field> <Field>#14</Field> <Field>pds</Field> <Field>pds</Field> </Record> 
  <Record> <Field>Disposition</Field> <Field>Y</Field> <Field>UpperModel.0001_NASA_PDS_1.Type_List_Area</Field> <Field>1M</Field> <Field>#14</Field> <Field>pds</Field> <Field>pds</Field> </Record> 

  <Record> <Field>Disposition</Field> <Field>Y</Field> <Field>UpperModel.0001_NASA_PDS_1.Product_Bundle</Field> <Field>1MSRC</Field> <Field>#15</Field> <Field>pds</Field> <Field>pds</Field> </Record> 
  <Record> <Field>Disposition</Field> <Field>Y</Field> <Field>UpperModel.0001_NASA_PDS_1.Product_Collection</Field> <Field>1MSRC</Field> <Field>#15</Field> <Field>pds</Field> <Field>pds</Field> </Record> 

  <Record> <Field>Disposition</Field> <Field>I</Field> <Field>UpperModel.0001_NASA_PDS_1.Ingest_LDD_File_Desc</Field> <Field>1MC</Field> <Field>#16</Field> <Field>pds</Field> <Field>pds</Field> </Record> 
  <Record> <Field>Disposition</Field> <Field>Y</Field> <Field>UpperModel.0001_NASA_PDS_1.Bundle</Field> <Field>1MC</Field> <Field>#16</Field> <Field>pds</Field> <Field>pds</Field> </Record> 
  <Record> <Field>Disposition</Field> <Field>Y</Field> <Field>UpperModel.0001_NASA_PDS_1.Bundle_Member_Entry</Field> <Field>1MC</Field> <Field>#16</Field> <Field>pds</Field> <Field>pds</Field> </Record> 
  <Record> <Field>Disposition</Field> <Field>Y</Field> <Field>UpperModel.0001_NASA_PDS_1.Collection</Field> <Field>1MC</Field> <Field>#16</Field> <Field>pds</Field> <Field>pds</Field> </Record> 
  <Record> <Field>Disposition</Field> <Field>Y</Field> <Field>UpperModel.0001_NASA_PDS_1.File_Area_Inventory</Field> <Field>1MC</Field> <Field>#16</Field> <Field>pds</Field> <Field>pds</Field> </Record> 
  <Record> <Field>Disposition</Field> <Field>Y</Field> <Field>UpperModel.0001_NASA_PDS_1.Inventory</Field> <Field>1MTC</Field> <Field>#16</Field> <Field>pds</Field> <Field>pds</Field> </Record>  

  <Record> <Field>Disposition</Field> <Field>Y</Field> <Field>UpperModel.0001_NASA_PDS_1.Product_Attribute_Definition</Field> <Field>oMSR</Field> <Field>#17</Field> <Field>pds</Field> <Field>ops</Field> </Record> 
  <Record> <Field>Disposition</Field> <Field>Y</Field> <Field>UpperModel.0001_NASA_PDS_1.Product_Class_Definition</Field> <Field>oMSR</Field> <Field>#17</Field> <Field>pds</Field> <Field>ops</Field> </Record> 
  <Record> <Field>Disposition</Field> <Field>Y</Field> <Field>UpperModel.0001_NASA_PDS_1.Product_File_Repository</Field> <Field>oMSR</Field> <Field>#17</Field> <Field>pds</Field> <Field>ops</Field> </Record> 
  <Record> <Field>Disposition</Field> <Field>Y</Field> <Field>UpperModel.0001_NASA_PDS_1.Product_Proxy_PDS3</Field> <Field>oMSR</Field> <Field>#17</Field> <Field>pds</Field> <Field>ops</Field> </Record> 
  <Record> <Field>Disposition</Field> <Field>Y</Field> <Field>UpperModel.0001_NASA_PDS_1.Product_Service</Field> <Field>oMSR</Field> <Field>#17</Field> <Field>pds</Field> <Field>ops</Field> </Record> 
  <Record> <Field>Disposition</Field> <Field>Y</Field> <Field>UpperModel.0001_NASA_PDS_1.Product_Software</Field> <Field>oMSR</Field> <Field>#17</Field> <Field>pds</Field> <Field>ops</Field> </Record> 
  <Record> <Field>Disposition</Field> <Field>Y</Field> <Field>UpperModel.0001_NASA_PDS_1.Product_Data_Set_PDS3</Field> <Field>oMSR</Field> <Field>#17</Field> <Field>pds</Field> <Field>ops</Field> </Record> 
  <Record> <Field>Disposition</Field> <Field>Y</Field> <Field>UpperModel.0001_NASA_PDS_1.Product_Instrument_PDS3</Field> <Field>oMSR</Field> <Field>#17</Field> <Field>pds</Field> <Field>ops</Field> </Record> 
  <Record> <Field>Disposition</Field> <Field>Y</Field> <Field>UpperModel.0001_NASA_PDS_1.Product_Instrument_Host_PDS3</Field> <Field>oMSR</Field> <Field>#17</Field> <Field>pds</Field> <Field>ops</Field> </Record> 
  <Record> <Field>Disposition</Field> <Field>Y</Field> <Field>UpperModel.0001_NASA_PDS_1.Product_Mission_PDS3</Field> <Field>oMSR</Field> <Field>#17</Field> <Field>pds</Field> <Field>ops</Field> </Record> 
  <Record> <Field>Disposition</Field> <Field>Y</Field> <Field>UpperModel.0001_NASA_PDS_1.Product_Subscription_PDS3</Field> <Field>oMSR</Field> <Field>#17</Field> <Field>pds</Field> <Field>ops</Field> </Record> 
  <Record> <Field>Disposition</Field> <Field>Y</Field> <Field>UpperModel.0001_NASA_PDS_1.Product_Target_PDS3</Field> <Field>oMSR</Field> <Field>#17</Field> <Field>pds</Field> <Field>ops</Field> </Record> 
  <Record> <Field>Disposition</Field> <Field>Y</Field> <Field>UpperModel.0001_NASA_PDS_1.Product_Volume_PDS3</Field> <Field>oMSR</Field> <Field>#17</Field> <Field>pds</Field> <Field>ops</Field> </Record>
  <Record> <Field>Disposition</Field> <Field>Y</Field> <Field>UpperModel.0001_NASA_PDS_1.Product_Volume_Set_PDS3</Field> <Field>oMSR</Field> <Field>#17</Field> <Field>pds</Field> <Field>ops</Field> </Record>

  <Record> <Field>Disposition</Field> <Field>Y</Field> <Field>UpperModel.0001_NASA_PDS_1.Ingest_LDD</Field> <Field>oMSR</Field> <Field>#18</Field> <Field>pds</Field> <Field>ops</Field> </Record> 
  <Record> <Field>Disposition</Field> <Field>Y</Field> <Field>UpperModel.0001_NASA_PDS_1.DD_Association</Field> <Field>oM</Field> <Field>#18</Field> <Field>pds</Field> <Field>ops</Field> </Record> 
  <Record> <Field>Disposition</Field> <Field>Y</Field> <Field>UpperModel.0001_NASA_PDS_1.DD_Association_External</Field> <Field>oM</Field> <Field>#18</Field> <Field>pds</Field> <Field>ops</Field> </Record> 
  <Record> <Field>Disposition</Field> <Field>Y</Field> <Field>UpperModel.0001_NASA_PDS_1.DD_Associate_External_Class</Field> <Field>oM</Field> <Field>#18</Field> <Field>pds</Field> <Field>ops</Field> </Record> 
  <Record> <Field>Disposition</Field> <Field>Y</Field> <Field>UpperModel.0001_NASA_PDS_1.DD_Context_Value_List</Field> <Field>oM</Field> <Field>#18</Field> <Field>pds</Field> <Field>ops</Field> </Record> 

  <Record> <Field>Disposition</Field> <Field>Y</Field> <Field>UpperModel.0001_NASA_PDS_1.DD_Attribute</Field> <Field>oM</Field> <Field>#18</Field> <Field>pds</Field> <Field>ops</Field> </Record> 
  <Record> <Field>Disposition</Field> <Field>Y</Field> <Field>UpperModel.0001_NASA_PDS_1.DD_Attribute2</Field> <Field>oM</Field> <Field>#18</Field> <Field>pds</Field> <Field>ops</Field> </Record> 
  <Record> <Field>Disposition</Field> <Field>Y</Field> <Field>UpperModel.0001_NASA_PDS_1.DD_Attribute_Full</Field> <Field>oM</Field> <Field>#18</Field> <Field>pds</Field> <Field>ops</Field> </Record> 
  <Record> <Field>Disposition</Field> <Field>Y</Field> <Field>UpperModel.0001_NASA_PDS_1.DD_Class</Field> <Field>oM</Field> <Field>#18</Field> <Field>pds</Field> <Field>ops</Field> </Record> 
  <Record> <Field>Disposition</Field> <Field>Y</Field> <Field>UpperModel.0001_NASA_PDS_1.DD_Class_Full</Field> <Field>oM</Field> <Field>#18</Field> <Field>pds</Field> <Field>ops</Field> </Record> 
  <Record> <Field>Disposition</Field> <Field>Y</Field> <Field>UpperModel.0001_NASA_PDS_1.DD_Value_Domain</Field> <Field>oM</Field> <Field>#18</Field> <Field>pds</Field> <Field>ops</Field> </Record> 
  <Record> <Field>Disposition</Field> <Field>Y</Field> <Field>UpperModel.0001_NASA_PDS_1.DD_Value_Domain_Full</Field> <Field>oM</Field> <Field>#18</Field> <Field>pds</Field> <Field>ops</Field> </Record> 
  <Record> <Field>Disposition</Field> <Field>Y</Field> <Field>UpperModel.0001_NASA_PDS_1.DD_Permissible_Value</Field> <Field>oM</Field> <Field>#18</Field> <Field>pds</Field> <Field>ops</Field> </Record> 
  <Record> <Field>Disposition</Field> <Field>I</Field> <Field>UpperModel.0001_NASA_PDS_1.DD_Static_Permissible_Value</Field> <Field>oM</Field> <Field>#18</Field> <Field>pds</Field> <Field>ops</Field> </Record> 
  <Record> <Field>Disposition</Field> <Field>Y</Field> <Field>UpperModel.0001_NASA_PDS_1.DD_Permissible_Value_Full</Field> <Field>oM</Field> <Field>#18</Field> <Field>pds</Field> <Field>ops</Field> </Record> 
  <Record> <Field>Disposition</Field> <Field>Y</Field> <Field>UpperModel.0001_NASA_PDS_1.DD_Class_Reference</Field> <Field>oM</Field> <Field>#18</Field> <Field>pds</Field> <Field>ops</Field> </Record> 
  <Record> <Field>Disposition</Field> <Field>Y</Field> <Field>UpperModel.0001_NASA_PDS_1.DD_Attribute_Reference</Field> <Field>oM</Field> <Field>#18</Field> <Field>pds</Field> <Field>ops</Field> </Record> 

  <Record> <Field>Disposition</Field> <Field>Y</Field> <Field>UpperModel.0001_NASA_PDS_1.DD_Rule</Field> <Field>oM</Field> <Field>#18</Field> <Field>pds</Field> <Field>ops</Field> </Record> 
  <Record> <Field>Disposition</Field> <Field>Y</Field> <Field>UpperModel.0001_NASA_PDS_1.DD_Rule_Statement</Field> <Field>oM</Field> <Field>#18</Field> <Field>pds</Field> <Field>ops</Field> </Record> 
  <Record> <Field>Disposition</Field> <Field>I</Field> <Field>UpperModel.0001_NASA_PDS_1.Schematron_Rule</Field> <Field>oM</Field> <Field>#18</Field> <Field>pds</Field> <Field>ops</Field> </Record> 
  <Record> <Field>Disposition</Field> <Field>I</Field> <Field>UpperModel.0001_NASA_PDS_1.Schematron_Assert</Field> <Field>oM</Field> <Field>#18</Field> <Field>pds</Field> <Field>ops</Field> </Record> 

  <Record> <Field>Disposition</Field> <Field>Y</Field> <Field>UpperModel.0001_NASA_PDS_1.External_Reference_Extended</Field> <Field>oM</Field> <Field>#18</Field> <Field>pds</Field> <Field>ops</Field> </Record> 
  <Record> <Field>Disposition</Field> <Field>Y</Field> <Field>UpperModel.0001_NASA_PDS_1.Agency</Field> <Field>1M</Field> <Field>#18</Field> <Field>pds</Field> <Field>pds</Field> </Record> 
  <Record> <Field>Disposition</Field> <Field>Y</Field> <Field>UpperModel.0001_NASA_PDS_1.Node</Field> <Field>1M</Field> <Field>#18</Field> <Field>pds</Field> <Field>pds</Field> </Record> 
  <Record> <Field>Disposition</Field> <Field>Y</Field> <Field>UpperModel.0001_NASA_PDS_1.PDS_Affiliate</Field> <Field>1M</Field> <Field>#18</Field> <Field>pds</Field> <Field>pds</Field> </Record> 
  <Record> <Field>Disposition</Field> <Field>Y</Field> <Field>UpperModel.0001_NASA_PDS_1.PDS_Guest</Field> <Field>1M</Field> <Field>#18</Field> <Field>pds</Field> <Field>pds</Field> </Record> 
  <Record> <Field>Disposition</Field> <Field>Y</Field> <Field>UpperModel.0001_NASA_PDS_1.Service_Description</Field> <Field>oMT</Field> <Field>#18</Field> <Field>pds</Field> <Field>ops</Field> </Record> 
  <Record> <Field>Disposition</Field> <Field>Y</Field> <Field>UpperModel.0001_NASA_PDS_1.Software_Binary</Field> <Field>oM</Field> <Field>#18</Field> <Field>pds</Field> <Field>ops</Field> </Record> 
  <Record> <Field>Disposition</Field> <Field>Y</Field> <Field>UpperModel.0001_NASA_PDS_1.Software_Script</Field> <Field>oM</Field> <Field>#18</Field> <Field>pds</Field> <Field>ops</Field> </Record> 
  <Record> <Field>Disposition</Field> <Field>Y</Field> <Field>UpperModel.0001_NASA_PDS_1.Software</Field> <Field>oM</Field> <Field>#18</Field> <Field>pds</Field> <Field>ops</Field> </Record> 
  <Record> <Field>Disposition</Field> <Field>Y</Field> <Field>UpperModel.0001_NASA_PDS_1.Software_Source</Field> <Field>oM</Field> <Field>#18</Field> <Field>pds</Field> <Field>ops</Field> </Record> 
  <Record> <Field>Disposition</Field> <Field>Y</Field> <Field>UpperModel.0001_NASA_PDS_1.File_Area_Binary</Field> <Field>oMC</Field> <Field>#18</Field> <Field>pds</Field> <Field>ops</Field> </Record> 
  <Record> <Field>Disposition</Field> <Field>Y</Field> <Field>UpperModel.0001_NASA_PDS_1.File_Area_Service_Description</Field> <Field>oM</Field> <Field>#18</Field> <Field>pds</Field> <Field>ops</Field> </Record> 
  <Record> <Field>Disposition</Field> <Field>Y</Field> <Field>UpperModel.0001_NASA_PDS_1.File_Area_XML_Schema</Field> <Field>1MC</Field> <Field>#18</Field> <Field>pds</Field> <Field>pds</Field> </Record> 	
  <Record> <Field>Disposition</Field> <Field>I</Field> <Field>UpperModel.0001_NASA_PDS_1.File_Area_Ingest_LDD</Field> <Field>1MC</Field> <Field>#18</Field> <Field>pds</Field> <Field>pds</Field> </Record> 	
  <Record> <Field>Disposition</Field> <Field>Y</Field> <Field>UpperModel.0001_NASA_PDS_1.Data_Set_PDS3</Field> <Field>oM</Field> <Field>#18</Field> <Field>pds</Field> <Field>ops</Field> </Record> 
  <Record> <Field>Disposition</Field> <Field>Y</Field> <Field>UpperModel.0001_NASA_PDS_1.Instrument_PDS3</Field> <Field>oM</Field> <Field>#18</Field> <Field>pds</Field> <Field>ops</Field> </Record> 
  <Record> <Field>Disposition</Field> <Field>Y</Field> <Field>UpperModel.0001_NASA_PDS_1.Instrument_Host_PDS3</Field> <Field>oM</Field> <Field>#18</Field> <Field>pds</Field> <Field>ops</Field> </Record> 
  <Record> <Field>Disposition</Field> <Field>Y</Field> <Field>UpperModel.0001_NASA_PDS_1.Mission_PDS3</Field> <Field>oM</Field> <Field>#18</Field> <Field>pds</Field> <Field>ops</Field> </Record> 
  <Record> <Field>Disposition</Field> <Field>Y</Field> <Field>UpperModel.0001_NASA_PDS_1.Target_PDS3</Field> <Field>oM</Field> <Field>#18</Field> <Field>pds</Field> <Field>ops</Field> </Record> 
  <Record> <Field>Disposition</Field> <Field>Y</Field> <Field>UpperModel.0001_NASA_PDS_1.Subscriber_PDS3</Field> <Field>oM</Field> <Field>#18</Field> <Field>pds</Field> <Field>ops</Field> </Record> 
  <Record> <Field>Disposition</Field> <Field>Y</Field> <Field>UpperModel.0001_NASA_PDS_1.Volume_PDS3</Field> <Field>oM</Field> <Field>#18</Field> <Field>pds</Field> <Field>ops</Field> </Record> 
  <Record> <Field>Disposition</Field> <Field>Y</Field> <Field>UpperModel.0001_NASA_PDS_1.Volume_Set_PDS3</Field> <Field>oM</Field> <Field>#18</Field> <Field>pds</Field> <Field>ops</Field> </Record> 
  <Record> <Field>Disposition</Field> <Field>I</Field> <Field>UpperModel.0001_NASA_PDS_1.Tracking</Field> <Field>oMV</Field> <Field>#18</Field> <Field>pds</Field> <Field>ops</Field> </Record> 
  <Record> <Field>Disposition</Field> <Field>I</Field> <Field>UpperModel.0001_NASA_PDS_1.Tracking_Detail</Field> <Field>oMV</Field> <Field>#18</Field> <Field>pds</Field> <Field>ops</Field> </Record> 
  <Record> <Field>Disposition</Field> <Field>Y</Field> <Field>UpperModel.0001_NASA_PDS_1.NSSDC</Field> <Field>oM</Field> <Field>#18</Field> <Field>pds</Field> <Field>ops</Field> </Record> 
  <Record> <Field>Disposition</Field> <Field>Y</Field> <Field>UpperModel.0001_NASA_PDS_1.Service</Field> <Field>oM</Field> <Field>#18</Field> <Field>pds</Field> <Field>ops</Field> </Record> 
  <Record> <Field>Disposition</Field> <Field>I</Field> <Field>UpperModel.0001_NASA_PDS_1.Mission_Information</Field> <Field>oM</Field> <Field>#18</Field> <Field>msn</Field> <Field>msn</Field> </Record> 

  <Record> <Field>Disposition</Field> <Field>Y</Field> <Field>UpperModel.0001_NASA_PDS_1.Digital_Object</Field> <Field>oMVC</Field> <Field>#18</Field> <Field>pds</Field> <Field>ops</Field> </Record> 
  <Record> <Field>Disposition</Field> <Field>Y</Field> <Field>UpperModel.0001_NASA_PDS_1.Physical_Object</Field> <Field>oMVC</Field> <Field>#18</Field> <Field>pds</Field> <Field>ops</Field> </Record> 
  <Record> <Field>Disposition</Field> <Field>Y</Field> <Field>UpperModel.0001_NASA_PDS_1.Conceptual_Object</Field> <Field>oMVC</Field> <Field>#18</Field> <Field>pds</Field> <Field>ops</Field> </Record> 
  <Record> <Field>Disposition</Field> <Field>Y</Field> <Field>UpperModel.0001_NASA_PDS_1.Data_Object</Field> <Field>oMVC</Field> <Field>#18</Field> <Field>pds</Field> <Field>ops</Field> </Record> 

  <Record> <Field>Disposition</Field> <Field>Y</Field> <Field>UpperModel.0001_NASA_PDS_1.Conceptual_Context_Object</Field> <Field>oMVC</Field> <Field>#18</Field> <Field>pds</Field> <Field>ops</Field> </Record> 
  <Record> <Field>Disposition</Field> <Field>Y</Field> <Field>UpperModel.0001_NASA_PDS_1.Aggregation_Object</Field> <Field>oMVC</Field> <Field>#18</Field> <Field>pds</Field> <Field>ops</Field> </Record> 
  <Record> <Field>Disposition</Field> <Field>Y</Field> <Field>UpperModel.0001_NASA_PDS_1.Observational_Object</Field> <Field>oMVC</Field> <Field>#18</Field> <Field>pds</Field> <Field>ops</Field> </Record> 
  <Record> <Field>Disposition</Field> <Field>Y</Field> <Field>UpperModel.0001_NASA_PDS_1.Supplemental_Object</Field> <Field>oMVC</Field> <Field>#18</Field> <Field>pds</Field> <Field>ops</Field> </Record> 
  <Record> <Field>Disposition</Field> <Field>Y</Field> <Field>UpperModel.0001_NASA_PDS_1.SPICE_Kernel_Object</Field> <Field>oMVC</Field> <Field>#18</Field> <Field>pds</Field> <Field>ops</Field> </Record> 
  <Record> <Field>Disposition</Field> <Field>Y</Field> <Field>UpperModel.0001_NASA_PDS_1.Document_Object</Field> <Field>oMVC</Field> <Field>#18</Field> <Field>pds</Field> <Field>ops</Field> </Record> 
  <Record> <Field>Disposition</Field> <Field>Y</Field> <Field>UpperModel.0001_NASA_PDS_1.Update_Object</Field> <Field>oMVC</Field> <Field>#18</Field> <Field>pds</Field> <Field>ops</Field> </Record> 
  <Record> <Field>Disposition</Field> <Field>Y</Field> <Field>UpperModel.0001_NASA_PDS_1.Archive_Support_Object</Field> <Field>oMVC</Field> <Field>#18</Field> <Field>pds</Field> <Field>ops</Field> </Record> 
  <Record> <Field>Disposition</Field> <Field>Y</Field> <Field>UpperModel.0001_NASA_PDS_1.Finding_Aid_Object</Field> <Field>oMVC</Field> <Field>#18</Field> <Field>pds</Field> <Field>ops</Field> </Record> 
  <Record> <Field>Disposition</Field> <Field>Y</Field> <Field>UpperModel.0001_NASA_PDS_1.Ancillary_Object</Field> <Field>oMVC</Field> <Field>#18</Field> <Field>pds</Field> <Field>ops</Field> </Record> 
  <Record> <Field>Disposition</Field> <Field>Y</Field> <Field>UpperModel.0001_NASA_PDS_1.Native_Object</Field> <Field>oMVC</Field> <Field>#18</Field> <Field>pds</Field> <Field>ops</Field> </Record> 
  <Record> <Field>Disposition</Field> <Field>Y</Field> <Field>UpperModel.0001_NASA_PDS_1.Physical_Context_Object</Field> <Field>oMVC</Field> <Field>#18</Field> <Field>pds</Field> <Field>ops</Field> </Record> 

  <Record> <Field>Disposition</Field> <Field>Y</Field> <Field>UpperModel.0001_NASA_PDS_1.Product_AIP</Field> <Field>oMSRF</Field> <Field>#17</Field> <Field>pds</Field> <Field>ops</Field> </Record> 
  <Record> <Field>Disposition</Field> <Field>Y</Field> <Field>UpperModel.0001_NASA_PDS_1.Product_DIP_Deep_Archive</Field> <Field>oMSRE</Field> <Field>#17</Field> <Field>pds</Field> <Field>ops</Field> </Record> 
  <Record> <Field>Disposition</Field> <Field>Y</Field> <Field>UpperModel.0001_NASA_PDS_1.Product_SIP</Field> <Field>oMSRE</Field> <Field>#17</Field> <Field>pds</Field> <Field>ops</Field> </Record> 
  <Record> <Field>Disposition</Field> <Field>Y</Field> <Field>UpperModel.0001_NASA_PDS_1.Product_DIP</Field> <Field>oMSRF</Field> <Field>#17</Field> <Field>pds</Field> <Field>ops</Field> </Record> 
  <Record> <Field>Disposition</Field> <Field>Y</Field> <Field>UpperModel.0001_NASA_PDS_1.Product_SIP_Deep_Archive</Field> <Field>oMSRF</Field> <Field>#17</Field> <Field>pds</Field> <Field>ops</Field> </Record> 
  <Record> <Field>Disposition</Field> <Field>Y</Field> <Field>UpperModel.0001_NASA_PDS_1.Information_Package</Field> <Field>oME</Field> <Field>#18</Field> <Field>pds</Field> <Field>ops</Field> </Record> 
  <Record> <Field>Disposition</Field> <Field>Y</Field> <Field>UpperModel.0001_NASA_PDS_1.Archival_Information_Package</Field> <Field>oMSF</Field> <Field>#18</Field> <Field>pds</Field> <Field>ops</Field> </Record> 
  <Record> <Field>Disposition</Field> <Field>Y</Field> <Field>UpperModel.0001_NASA_PDS_1.DIP_Deep_Archive</Field> <Field>oMSE</Field> <Field>#18</Field> <Field>pds</Field> <Field>ops</Field> </Record> 
  <Record> <Field>Disposition</Field> <Field>Y</Field> <Field>UpperModel.0001_NASA_PDS_1.Submission_Information_Package</Field> <Field>oMSE</Field> <Field>#18</Field> <Field>pds</Field> <Field>ops</Field> </Record> 
  <Record> <Field>Disposition</Field> <Field>Y</Field> <Field>UpperModel.0001_NASA_PDS_1.Dissemination_Information_Package</Field> <Field>oMSF</Field> <Field>#18</Field> <Field>pds</Field> <Field>ops</Field> </Record> 
  <Record> <Field>Disposition</Field> <Field>Y</Field> <Field>UpperModel.0001_NASA_PDS_1.SIP_Deep_Archive</Field> <Field>oMSF</Field> <Field>#18</Field> <Field>pds</Field> <Field>ops</Field> </Record> 
  <Record> <Field>Disposition</Field> <Field>Y</Field> <Field>UpperModel.0001_NASA_PDS_1.Information_Package_Component</Field> <Field>oME</Field> <Field>#18</Field> <Field>pds</Field> <Field>ops</Field> </Record> 
  <Record> <Field>Disposition</Field> <Field>Y</Field> <Field>UpperModel.0001_NASA_PDS_1.Information_Package_Component_Deep_Archive</Field> <Field>oME</Field> <Field>#18</Field> <Field>pds</Field> <Field>ops</Field> </Record> 
  <Record> <Field>Disposition</Field> <Field>Y</Field> <Field>UpperModel.0001_NASA_PDS_1.File_Area_Transfer_Manifest</Field> <Field>oMC</Field> <Field>#18</Field> <Field>pds</Field> <Field>ops</Field> </Record> 
  <Record> <Field>Disposition</Field> <Field>Y</Field> <Field>UpperModel.0001_NASA_PDS_1.File_Area_Checksum_Manifest</Field> <Field>oMC</Field> <Field>#18</Field> <Field>pds</Field> <Field>ops</Field> </Record> 
  <Record> <Field>Disposition</Field> <Field>Y</Field> <Field>UpperModel.0001_NASA_PDS_1.File_Area_Update</Field> <Field>oMC</Field> <Field>#18</Field> <Field>pds</Field> <Field>ops</Field> </Record> 
  <Record> <Field>Disposition</Field> <Field>Y</Field> <Field>UpperModel.0001_NASA_PDS_1.File_Area_SIP_Deep_Archive</Field> <Field>oMC</Field> <Field>#18</Field> <Field>pds</Field> <Field>ops</Field> </Record> 
  <Record> <Field>Disposition</Field> <Field>Y</Field> <Field>UpperModel.0001_NASA_PDS_1.Transfer_Manifest</Field> <Field>oM</Field> <Field>#18</Field> <Field>pds</Field> <Field>ops</Field> </Record> 
  <Record> <Field>Disposition</Field> <Field>Y</Field> <Field>UpperModel.0001_NASA_PDS_1.Checksum_Manifest</Field> <Field>oM</Field> <Field>#18</Field> <Field>pds</Field> <Field>ops</Field> </Record> 
  <Record> <Field>Disposition</Field> <Field>Y</Field> <Field>UpperModel.0001_NASA_PDS_1.Manifest_SIP_Deep_Archive</Field> <Field>oM</Field> <Field>#18</Field> <Field>pds</Field> <Field>ops</Field> </Record> 
    
  <Record> <Field>Disposition</Field> <Field>Y</Field> <Field>UpperModel.0001_NASA_PDS_1.TNDO_Context</Field> <Field>oMV</Field> <Field>#18</Field> <Field>pds</Field> <Field>ops</Field> </Record> 
  <Record> <Field>Disposition</Field> <Field>Y</Field> <Field>UpperModel.0001_NASA_PDS_1.TNDO_Context_PDS3</Field> <Field>oMV</Field> <Field>#18</Field> <Field>pds</Field> <Field>ops</Field> </Record> 
  <Record> <Field>Disposition</Field> <Field>Y</Field> <Field>UpperModel.0001_NASA_PDS_1.TNDO_Supplemental</Field> <Field>oMV</Field> <Field>#18</Field> <Field>pds</Field> <Field>ops</Field> </Record> 
  <Record> <Field>Disposition</Field> <Field>Y</Field> <Field>UpperModel.0001_NASA_PDS_1.Tagged_Digital_Child</Field> <Field>oMV</Field> <Field>#18</Field> <Field>pds</Field> <Field>ops</Field> </Record> 
  <Record> <Field>Disposition</Field> <Field>Y</Field> <Field>UpperModel.0001_NASA_PDS_1.Tagged_Digital_Object</Field> <Field>oMV</Field> <Field>#18</Field> <Field>pds</Field> <Field>ops</Field> </Record> 
  <Record> <Field>Disposition</Field> <Field>Y</Field> <Field>UpperModel.0001_NASA_PDS_1.Tagged_NonDigital_Child</Field> <Field>oMV</Field> <Field>#18</Field> <Field>pds</Field> <Field>ops</Field> </Record> 
  <Record> <Field>Disposition</Field> <Field>Y</Field> <Field>UpperModel.0001_NASA_PDS_1.Tagged_NonDigital_Object</Field> <Field>oMV</Field> <Field>#18</Field> <Field>pds</Field> <Field>ops</Field> </Record> 
  <Record> <Field>Disposition</Field> <Field>Y</Field> <Field>UpperModel.0001_NASA_PDS_1.Terminological_Entry</Field> <Field>oM</Field> <Field>#18</Field> <Field>pds</Field> <Field>ops</Field> </Record> 
  <Record> <Field>Disposition</Field> <Field>I</Field> <Field>UpperModel.0001_NASA_PDS_1.Property_Map_External</Field> <Field>oM</Field> <Field>#18</Field> <Field>pds</Field> <Field>ops</Field> </Record> 
  <Record> <Field>Disposition</Field> <Field>Y</Field> <Field>UpperModel.0001_NASA_PDS_1.Property_Map</Field> <Field>oM</Field> <Field>#18</Field> <Field>pds</Field> <Field>ops</Field> </Record> 
  <Record> <Field>Disposition</Field> <Field>Y</Field> <Field>UpperModel.0001_NASA_PDS_1.Property_Maps</Field> <Field>oM</Field> <Field>#18</Field> <Field>pds</Field> <Field>ops</Field> </Record> 
  <Record> <Field>Disposition</Field> <Field>Y</Field> <Field>UpperModel.0001_NASA_PDS_1.Property_Map_Entry</Field> <Field>oM</Field> <Field>#18</Field> <Field>pds</Field> <Field>ops</Field> </Record> 
  <Record> <Field>Disposition</Field> <Field>Y</Field> <Field>UpperModel.0001_NASA_PDS_1.Symbolic_Literals_PDS</Field> <Field>oMV</Field> <Field>#18</Field> <Field>pds</Field> <Field>ops</Field> </Record> 
  <Record> <Field>Disposition</Field> <Field>Y</Field> <Field>UpperModel.0001_NASA_PDS_1.Terminological_Entry_SKOS</Field> <Field>oM</Field> <Field>#18</Field> <Field>pds</Field> <Field>ops</Field> </Record> 
  <Record> <Field>Disposition</Field> <Field>Y</Field> <Field>UpperModel.0001_NASA_PDS_1.Term_Map_SKOS</Field> <Field>oM</Field> <Field>#18</Field> <Field>pds</Field> <Field>ops</Field> </Record> 

  <Record> <Field>Disposition</Field> <Field>Y</Field> <Field>UpperModel.0001_NASA_PDS_1.Band_Bin_Set</Field> <Field>4MTC</Field> <Field>#10</Field> <Field>pds</Field> <Field>img</Field> </Record>
  <Record> <Field>Disposition</Field> <Field>Y</Field> <Field>UpperModel.0001_NASA_PDS_1.Band_Bin</Field> <Field>4MTC</Field> <Field>#10</Field> <Field>pds</Field> <Field>img</Field> </Record>
  <Record> <Field>Disposition</Field> <Field>Y</Field> <Field>UpperModel.0001_NASA_PDS_1.Quaternion</Field> <Field>1MTF</Field> <Field>#10</Field> <Field>pds</Field> <Field>pds</Field> </Record> 
  <Record> <Field>Disposition</Field> <Field>Y</Field> <Field>UpperModel.0001_NASA_PDS_1.Quaternion_Component</Field> <Field>1MTF</Field> <Field>#10</Field> <Field>pds</Field> <Field>pds</Field> </Record> 

  <Record> <Field>Disposition</Field> <Field>I</Field> <Field>UpperModel.0001_NASA_PDS_1.Activity</Field> <Field>4MS</Field> <Field>#19</Field> <Field>pds</Field> <Field>pds</Field> </Record>
  <Record> <Field>Disposition</Field> <Field>I</Field> <Field>UpperModel.0001_NASA_PDS_1.Agent</Field> <Field>4MS</Field> <Field>#19</Field> <Field>pds</Field> <Field>pds</Field> </Record>
  <Record> <Field>Disposition</Field> <Field>I</Field> <Field>UpperModel.0001_NASA_PDS_1.Entity</Field> <Field>4MS</Field> <Field>#19</Field> <Field>pds</Field> <Field>pds</Field> </Record>
  <Record> <Field>Disposition</Field> <Field>I</Field> <Field>UpperModel.0001_NASA_PDS_1.Config</Field> <Field>4MS</Field> <Field>#19</Field> <Field>pds</Field> <Field>pds</Field> </Record>
  <Record> <Field>Disposition</Field> <Field>I</Field> <Field>UpperModel.0001_NASA_PDS_1.Input_Data</Field> <Field>4MS</Field> <Field>#19</Field> <Field>pds</Field> <Field>pds</Field> </Record>
  <Record> <Field>Disposition</Field> <Field>I</Field> <Field>UpperModel.0001_NASA_PDS_1.Methods</Field> <Field>4MS</Field> <Field>#19</Field> <Field>pds</Field> <Field>pds</Field> </Record>
  <Record> <Field>Disposition</Field> <Field>I</Field> <Field>UpperModel.0001_NASA_PDS_1.Output_Data</Field> <Field>4MS</Field> <Field>#19</Field> <Field>pds</Field> <Field>pds</Field> </Record>

  <Record> <Field>Disposition</Field> <Field>Y</Field> <Field>UpperModel.0001_NASA_PDS_1.Decimal_Integer</Field> <Field>1Md</Field> <Field>#21</Field> <Field>pds</Field> <Field>pds</Field> </Record> 
  <Record> <Field>Disposition</Field> <Field>Y</Field> <Field>UpperModel.0001_NASA_PDS_1.Decimal_Real</Field> <Field>1Md</Field> <Field>#21</Field> <Field>pds</Field> <Field>pds</Field> </Record> 
  <Record> <Field>Disposition</Field> <Field>Y</Field> <Field>UpperModel.0001_NASA_PDS_1.SignedLSB2</Field> <Field>1Md</Field> <Field>#21</Field> <Field>pds</Field> <Field>pds</Field> </Record> 
  <Record> <Field>Disposition</Field> <Field>Y</Field> <Field>UpperModel.0001_NASA_PDS_1.SignedLSB4</Field> <Field>1Md</Field> <Field>#21</Field> <Field>pds</Field> <Field>pds</Field> </Record> 
  <Record> <Field>Disposition</Field> <Field>Y</Field> <Field>UpperModel.0001_NASA_PDS_1.SignedLSB8</Field> <Field>1Md</Field> <Field>#21</Field> <Field>pds</Field> <Field>pds</Field> </Record> 
  <Record> <Field>Disposition</Field> <Field>Y</Field> <Field>UpperModel.0001_NASA_PDS_1.SignedMSB2</Field> <Field>1Md</Field> <Field>#21</Field> <Field>pds</Field> <Field>pds</Field> </Record> 
  <Record> <Field>Disposition</Field> <Field>Y</Field> <Field>UpperModel.0001_NASA_PDS_1.SignedMSB4</Field> <Field>1Md</Field> <Field>#21</Field> <Field>pds</Field> <Field>pds</Field> </Record> 
  <Record> <Field>Disposition</Field> <Field>Y</Field> <Field>UpperModel.0001_NASA_PDS_1.SignedMSB8</Field> <Field>1Md</Field> <Field>#21</Field> <Field>pds</Field> <Field>pds</Field> </Record> 
  <Record> <Field>Disposition</Field> <Field>Y</Field> <Field>UpperModel.0001_NASA_PDS_1.SignedByte</Field> <Field>1Md</Field> <Field>#21</Field> <Field>pds</Field> <Field>pds</Field> </Record> 
  <Record> <Field>Disposition</Field> <Field>Y</Field> <Field>UpperModel.0001_NASA_PDS_1.UnsignedLSB2</Field> <Field>1Md</Field> <Field>#21</Field> <Field>pds</Field> <Field>pds</Field> </Record> 
  <Record> <Field>Disposition</Field> <Field>Y</Field> <Field>UpperModel.0001_NASA_PDS_1.UnsignedLSB4</Field> <Field>1Md</Field> <Field>#21</Field> <Field>pds</Field> <Field>pds</Field> </Record> 
  <Record> <Field>Disposition</Field> <Field>Y</Field> <Field>UpperModel.0001_NASA_PDS_1.UnsignedLSB8</Field> <Field>1Md</Field> <Field>#21</Field> <Field>pds</Field> <Field>pds</Field> </Record> 
  <Record> <Field>Disposition</Field> <Field>Y</Field> <Field>UpperModel.0001_NASA_PDS_1.UnsignedMSB2</Field> <Field>1Md</Field> <Field>#21</Field> <Field>pds</Field> <Field>pds</Field> </Record> 
  <Record> <Field>Disposition</Field> <Field>Y</Field> <Field>UpperModel.0001_NASA_PDS_1.UnsignedMSB4</Field> <Field>1Md</Field> <Field>#21</Field> <Field>pds</Field> <Field>pds</Field> </Record> 
  <Record> <Field>Disposition</Field> <Field>Y</Field> <Field>UpperModel.0001_NASA_PDS_1.UnsignedMSB8</Field> <Field>1Md</Field> <Field>#21</Field> <Field>pds</Field> <Field>pds</Field> </Record> 
  <Record> <Field>Disposition</Field> <Field>Y</Field> <Field>UpperModel.0001_NASA_PDS_1.UnsignedByte</Field> <Field>1Md</Field> <Field>#21</Field> <Field>pds</Field> <Field>pds</Field> </Record> 
  <Record> <Field>Disposition</Field> <Field>Y</Field> <Field>UpperModel.0001_NASA_PDS_1.IEEE754MSBDouble</Field> <Field>1Md</Field> <Field>#21</Field> <Field>pds</Field> <Field>pds</Field> </Record> 
  <Record> <Field>Disposition</Field> <Field>Y</Field> <Field>UpperModel.0001_NASA_PDS_1.IEEE754MSBSingle</Field> <Field>1Md</Field> <Field>#21</Field> <Field>pds</Field> <Field>pds</Field> </Record> 
  <Record> <Field>Disposition</Field> <Field>Y</Field> <Field>UpperModel.0001_NASA_PDS_1.IEEE754LSBDouble</Field> <Field>1Md</Field> <Field>#21</Field> <Field>pds</Field> <Field>pds</Field> </Record> 
  <Record> <Field>Disposition</Field> <Field>Y</Field> <Field>UpperModel.0001_NASA_PDS_1.IEEE754LSBSingle</Field> <Field>1Md</Field> <Field>#21</Field> <Field>pds</Field> <Field>pds</Field> </Record> 
  <Record> <Field>Disposition</Field> <Field>Y</Field> <Field>UpperModel.0001_NASA_PDS_1.Complex</Field> <Field>1Md</Field> <Field>#21</Field> <Field>pds</Field> <Field>pds</Field> </Record> 
  <Record> <Field>Disposition</Field> <Field>Y</Field> <Field>UpperModel.0001_NASA_PDS_1.ComplexMSB8</Field> <Field>1Md</Field> <Field>#21</Field> <Field>pds</Field> <Field>pds</Field> </Record> 
  <Record> <Field>Disposition</Field> <Field>Y</Field> <Field>UpperModel.0001_NASA_PDS_1.ComplexMSB16</Field> <Field>1Md</Field> <Field>#21</Field> <Field>pds</Field> <Field>pds</Field> </Record> 
  <Record> <Field>Disposition</Field> <Field>Y</Field> <Field>UpperModel.0001_NASA_PDS_1.ComplexLSB8</Field> <Field>1Md</Field> <Field>#21</Field> <Field>pds</Field> <Field>pds</Field> </Record> 
  <Record> <Field>Disposition</Field> <Field>Y</Field> <Field>UpperModel.0001_NASA_PDS_1.ComplexLSB16</Field> <Field>1Md</Field> <Field>#21</Field> <Field>pds</Field> <Field>pds</Field> </Record> 
  <Record> <Field>Disposition</Field> <Field>Y</Field> <Field>UpperModel.0001_NASA_PDS_1.SignedBitString</Field> <Field>1Md</Field> <Field>#21</Field> <Field>pds</Field> <Field>pds</Field> </Record> 
  <Record> <Field>Disposition</Field> <Field>Y</Field> <Field>UpperModel.0001_NASA_PDS_1.UnsignedBitString</Field> <Field>1Md</Field> <Field>#21</Field> <Field>pds</Field> <Field>pds</Field> </Record> 

  <Record> <Field>Disposition</Field> <Field>Y</Field> <Field>UpperModel.0001_NASA_PDS_1.Character_Data_Type</Field> <Field>1Md</Field> <Field>#21</Field> <Field>pds</Field> <Field>pds</Field> </Record> 
  <Record> <Field>Disposition</Field> <Field>Y</Field> <Field>UpperModel.0001_NASA_PDS_1.UTF8_String</Field> <Field>1Md</Field> <Field>#21</Field> <Field>pds</Field> <Field>pds</Field> </Record> 
  <Record> <Field>Disposition</Field> <Field>Y</Field> <Field>UpperModel.0001_NASA_PDS_1.ASCII_String_Base_255</Field> <Field>1Md</Field> <Field>#21</Field> <Field>pds</Field> <Field>pds</Field> </Record> 
  <Record> <Field>Disposition</Field> <Field>Y</Field> <Field>UpperModel.0001_NASA_PDS_1.ASCII_String</Field> <Field>1Md</Field> <Field>#21</Field> <Field>pds</Field> <Field>pds</Field> </Record> 
  <Record> <Field>Disposition</Field> <Field>Y</Field> <Field>UpperModel.0001_NASA_PDS_1.UTF8_Text_Preserved</Field> <Field>1Md</Field> <Field>#21</Field> <Field>pds</Field> <Field>pds</Field> </Record> 
  <Record> <Field>Disposition</Field> <Field>Y</Field> <Field>UpperModel.0001_NASA_PDS_1.UTF8_Text_Collapsed</Field> <Field>1Md</Field> <Field>#21</Field> <Field>pds</Field> <Field>pds</Field> </Record> 
  <Record> <Field>Disposition</Field> <Field>Y</Field> <Field>UpperModel.0001_NASA_PDS_1.UTF8_Short_String_Collapsed</Field> <Field>1Md</Field> <Field>#21</Field> <Field>pds</Field> <Field>pds</Field> </Record> 
  <Record> <Field>Disposition</Field> <Field>Y</Field> <Field>UpperModel.0001_NASA_PDS_1.UTF8_Short_String_Preserved</Field> <Field>1Md</Field> <Field>#21</Field> <Field>pds</Field> <Field>pds</Field> </Record> 
  <Record> <Field>Disposition</Field> <Field>Y</Field> <Field>UpperModel.0001_NASA_PDS_1.ASCII_Text_Collapsed</Field> <Field>1Md</Field> <Field>#21</Field> <Field>pds</Field> <Field>pds</Field> </Record> 
  <Record> <Field>Disposition</Field> <Field>Y</Field> <Field>UpperModel.0001_NASA_PDS_1.ASCII_Text_Preserved</Field> <Field>1Md</Field> <Field>#21</Field> <Field>pds</Field> <Field>pds</Field> </Record> 
  <Record> <Field>Disposition</Field> <Field>Y</Field> <Field>UpperModel.0001_NASA_PDS_1.ASCII_Short_String_Collapsed</Field> <Field>1Md</Field> <Field>#21</Field> <Field>pds</Field> <Field>pds</Field> </Record> 
  <Record> <Field>Disposition</Field> <Field>Y</Field> <Field>UpperModel.0001_NASA_PDS_1.ASCII_Short_String_Preserved</Field> <Field>1Md</Field> <Field>#21</Field> <Field>pds</Field> <Field>pds</Field> </Record> 
  <Record> <Field>Disposition</Field> <Field>Y</Field> <Field>UpperModel.0001_NASA_PDS_1.ASCII_NonNegative_Integer</Field> <Field>1Md</Field> <Field>#21</Field> <Field>pds</Field> <Field>pds</Field> </Record> 
  <Record> <Field>Disposition</Field> <Field>Y</Field> <Field>UpperModel.0001_NASA_PDS_1.ASCII_Integer</Field> <Field>1Md</Field> <Field>#21</Field> <Field>pds</Field> <Field>pds</Field> </Record> 
  <Record> <Field>Disposition</Field> <Field>Y</Field> <Field>UpperModel.0001_NASA_PDS_1.ASCII_Numeric_Base2</Field> <Field>1Md</Field> <Field>#21</Field> <Field>pds</Field> <Field>pds</Field> </Record> 
  <Record> <Field>Disposition</Field> <Field>Y</Field> <Field>UpperModel.0001_NASA_PDS_1.ASCII_Numeric_Base8</Field> <Field>1Md</Field> <Field>#21</Field> <Field>pds</Field> <Field>pds</Field> </Record> 
  <Record> <Field>Disposition</Field> <Field>Y</Field> <Field>UpperModel.0001_NASA_PDS_1.ASCII_Numeric_Base16</Field> <Field>1Md</Field> <Field>#21</Field> <Field>pds</Field> <Field>pds</Field> </Record> 
  <Record> <Field>Disposition</Field> <Field>Y</Field> <Field>UpperModel.0001_NASA_PDS_1.ASCII_Real</Field> <Field>1Md</Field> <Field>#21</Field> <Field>pds</Field> <Field>pds</Field> </Record> 
  <Record> <Field>Disposition</Field> <Field>Y</Field> <Field>UpperModel.0001_NASA_PDS_1.ASCII_Time</Field> <Field>1Md</Field> <Field>#21</Field> <Field>pds</Field> <Field>pds</Field> </Record> 
  <Record> <Field>Disposition</Field> <Field>Y</Field> <Field>UpperModel.0001_NASA_PDS_1.ASCII_Date</Field> <Field>1Md</Field> <Field>#21</Field> <Field>pds</Field> <Field>pds</Field> </Record> 
  <Record> <Field>Disposition</Field> <Field>Y</Field> <Field>UpperModel.0001_NASA_PDS_1.ASCII_Date_YMD</Field> <Field>1Md</Field> <Field>#21</Field> <Field>pds</Field> <Field>pds</Field> </Record> 
  <Record> <Field>Disposition</Field> <Field>Y</Field> <Field>UpperModel.0001_NASA_PDS_1.ASCII_Date_DOY</Field> <Field>1Md</Field> <Field>#21</Field> <Field>pds</Field> <Field>pds</Field> </Record> 
  <Record> <Field>Disposition</Field> <Field>Y</Field> <Field>UpperModel.0001_NASA_PDS_1.ASCII_Date_Time_YMD</Field> <Field>1Md</Field> <Field>#21</Field> <Field>pds</Field> <Field>pds</Field> </Record> 
  <Record> <Field>Disposition</Field> <Field>Y</Field> <Field>UpperModel.0001_NASA_PDS_1.ASCII_Date_Time_YMD_UTC</Field> <Field>1Md</Field> <Field>#21</Field> <Field>pds</Field> <Field>pds</Field> </Record> 
  <Record> <Field>Disposition</Field> <Field>Y</Field> <Field>UpperModel.0001_NASA_PDS_1.ASCII_Date_Time_DOY</Field> <Field>1Md</Field> <Field>#21</Field> <Field>pds</Field> <Field>pds</Field> </Record> 
  <Record> <Field>Disposition</Field> <Field>Y</Field> <Field>UpperModel.0001_NASA_PDS_1.ASCII_Date_Time_DOY_UTC</Field> <Field>1Md</Field> <Field>#21</Field> <Field>pds</Field> <Field>pds</Field> </Record> 
  <Record> <Field>Disposition</Field> <Field>Y</Field> <Field>UpperModel.0001_NASA_PDS_1.ASCII_Date_Time</Field> <Field>1Md</Field> <Field>#21</Field> <Field>pds</Field> <Field>pds</Field> </Record> 
  <Record> <Field>Disposition</Field> <Field>Y</Field> <Field>UpperModel.0001_NASA_PDS_1.ASCII_Date_Time_UTC</Field> <Field>1Md</Field> <Field>#21</Field> <Field>pds</Field> <Field>pds</Field> </Record> 
  <Record> <Field>Disposition</Field> <Field>Y</Field> <Field>UpperModel.0001_NASA_PDS_1.ASCII_LID</Field> <Field>1Md</Field> <Field>#21</Field> <Field>pds</Field> <Field>pds</Field> </Record> 
  <Record> <Field>Disposition</Field> <Field>Y</Field> <Field>UpperModel.0001_NASA_PDS_1.ASCII_VID</Field> <Field>1Md</Field> <Field>#21</Field> <Field>pds</Field> <Field>pds</Field> </Record> 
  <Record> <Field>Disposition</Field> <Field>Y</Field> <Field>UpperModel.0001_NASA_PDS_1.ASCII_LIDVID</Field> <Field>1Md</Field> <Field>#21</Field> <Field>pds</Field> <Field>pds</Field> </Record> 		 
  <Record> <Field>Disposition</Field> <Field>Y</Field> <Field>UpperModel.0001_NASA_PDS_1.ASCII_LIDVID_LID</Field> <Field>1Md</Field> <Field>#21</Field> <Field>pds</Field> <Field>pds</Field> </Record> 		 
  <Record> <Field>Disposition</Field> <Field>Y</Field> <Field>UpperModel.0001_NASA_PDS_1.ASCII_Boolean</Field> <Field>1Md</Field> <Field>#21</Field> <Field>pds</Field> <Field>pds</Field> </Record> 		 
  <Record> <Field>Disposition</Field> <Field>Y</Field> <Field>UpperModel.0001_NASA_PDS_1.ASCII_File_Specification_Name</Field> <Field>1Md</Field> <Field>#21</Field> <Field>pds</Field> <Field>pds</Field> </Record> 		 
  <Record> <Field>Disposition</Field> <Field>Y</Field> <Field>UpperModel.0001_NASA_PDS_1.ASCII_File_Name</Field> <Field>1Md</Field> <Field>#21</Field> <Field>pds</Field> <Field>pds</Field> </Record> 		 
  <Record> <Field>Disposition</Field> <Field>Y</Field> <Field>UpperModel.0001_NASA_PDS_1.ASCII_Directory_Path_Name</Field> <Field>1Md</Field> <Field>#21</Field> <Field>pds</Field> <Field>pds</Field> </Record> 		 
  <Record> <Field>Disposition</Field> <Field>Y</Field> <Field>UpperModel.0001_NASA_PDS_1.ASCII_MD5_Checksum</Field> <Field>1Md</Field> <Field>#21</Field> <Field>pds</Field> <Field>pds</Field> </Record> 		 
  <Record> <Field>Disposition</Field> <Field>Y</Field> <Field>UpperModel.0001_NASA_PDS_1.ASCII_DOI</Field> <Field>1Md</Field> <Field>#21</Field> <Field>pds</Field> <Field>pds</Field> </Record> 		 
  <Record> <Field>Disposition</Field> <Field>Y</Field> <Field>UpperModel.0001_NASA_PDS_1.ASCII_BibCode</Field> <Field>1Md</Field> <Field>#21</Field> <Field>pds</Field> <Field>pds</Field> </Record> 		 
  <Record> <Field>Disposition</Field> <Field>Y</Field> <Field>UpperModel.0001_NASA_PDS_1.ASCII_AnyURI</Field> <Field>1Md</Field> <Field>#21</Field> <Field>pds</Field> <Field>pds</Field> </Record> 		 		 
  <Record> <Field>Disposition</Field> <Field>Y</Field> <Field>UpperModel.0001_NASA_PDS_1.ASCII_Local_Identifier</Field> <Field>1Md</Field> <Field>#21</Field> <Field>pds</Field> <Field>pds</Field> </Record> 		 		 
  <Record> <Field>Disposition</Field> <Field>Y</Field> <Field>UpperModel.0001_NASA_PDS_1.ASCII_Local_Identifier_Reference</Field> <Field>1Md</Field> <Field>#21</Field> <Field>pds</Field> <Field>pds</Field> </Record> 		 		 

 
  <Record> <Field>Disposition</Field> <Field>Y</Field> <Field>UpperModel.0001_NASA_PDS_1.Unit_Of_Measure</Field> <Field>1Mu</Field> <Field>#22</Field> <Field>pds</Field> <Field>pds</Field> </Record> 
  <Record> <Field>Disposition</Field> <Field>Y</Field> <Field>UpperModel.0001_NASA_PDS_1.Units_of_Acceleration</Field> <Field>1Mu</Field> <Field>#22</Field> <Field>pds</Field> <Field>pds</Field> </Record>
  <Record> <Field>Disposition</Field> <Field>Y</Field> <Field>UpperModel.0001_NASA_PDS_1.Units_of_Amount_Of_Substance</Field> <Field>1Mu</Field> <Field>#22</Field> <Field>pds</Field> <Field>pds</Field> </Record>
  <Record> <Field>Disposition</Field> <Field>Y</Field> <Field>UpperModel.0001_NASA_PDS_1.Units_of_Angle</Field> <Field>1Mu</Field> <Field>#22</Field> <Field>pds</Field> <Field>pds</Field> </Record>
  <Record> <Field>Disposition</Field> <Field>Y</Field> <Field>UpperModel.0001_NASA_PDS_1.Units_of_Angular_Velocity</Field> <Field>1Mu</Field> <Field>#22</Field> <Field>pds</Field> <Field>pds</Field> </Record> 
  <Record> <Field>Disposition</Field> <Field>Y</Field> <Field>UpperModel.0001_NASA_PDS_1.Units_of_Area</Field> <Field>1Mu</Field> <Field>#22</Field> <Field>pds</Field> <Field>pds</Field> </Record>
  <Record> <Field>Disposition</Field> <Field>Y</Field> <Field>UpperModel.0001_NASA_PDS_1.Units_of_Current</Field> <Field>1Mu</Field> <Field>#22</Field> <Field>pds</Field> <Field>pds</Field> </Record> 
  <Record> <Field>Disposition</Field> <Field>Y</Field> <Field>UpperModel.0001_NASA_PDS_1.Units_of_Distance</Field> <Field>1Mu</Field> <Field>#22</Field> <Field>pds</Field> <Field>pds</Field> </Record> 
  <Record> <Field>Disposition</Field> <Field>Y</Field> <Field>UpperModel.0001_NASA_PDS_1.Units_of_Energy</Field> <Field>1Mu</Field> <Field>#22</Field> <Field>pds</Field> <Field>pds</Field> </Record> 
  <Record> <Field>Disposition</Field> <Field>Y</Field> <Field>UpperModel.0001_NASA_PDS_1.Units_of_Force</Field> <Field>1Mu</Field> <Field>#22</Field> <Field>pds</Field> <Field>pds</Field> </Record> 
  <Record> <Field>Disposition</Field> <Field>Y</Field> <Field>UpperModel.0001_NASA_PDS_1.Units_of_Frame_Rate</Field> <Field>1Mu</Field> <Field>#22</Field> <Field>pds</Field> <Field>pds</Field> </Record> 
  <Record> <Field>Disposition</Field> <Field>Y</Field> <Field>UpperModel.0001_NASA_PDS_1.Units_of_Frequency</Field> <Field>1Mu</Field> <Field>#22</Field> <Field>pds</Field> <Field>pds</Field> </Record> 
  <Record> <Field>Disposition</Field> <Field>Y</Field> <Field>UpperModel.0001_NASA_PDS_1.Units_of_Gmass</Field> <Field>1Mu</Field> <Field>#22</Field> <Field>pds</Field> <Field>pds</Field> </Record> 
  <Record> <Field>Disposition</Field> <Field>Y</Field> <Field>UpperModel.0001_NASA_PDS_1.Units_of_Length</Field> <Field>1Mu</Field> <Field>#22</Field> <Field>pds</Field> <Field>pds</Field> </Record>
  <Record> <Field>Disposition</Field> <Field>Y</Field> <Field>UpperModel.0001_NASA_PDS_1.Units_of_Mass</Field> <Field>1Mu</Field> <Field>#22</Field> <Field>pds</Field> <Field>pds</Field> </Record> 
  <Record> <Field>Disposition</Field> <Field>Y</Field> <Field>UpperModel.0001_NASA_PDS_1.Units_of_Misc</Field> <Field>1Mu</Field> <Field>#22</Field> <Field>pds</Field> <Field>pds</Field> </Record> 
  <Record> <Field>Disposition</Field> <Field>Y</Field> <Field>UpperModel.0001_NASA_PDS_1.Units_of_None</Field> <Field>1Mu</Field> <Field>#22</Field> <Field>pds</Field> <Field>pds</Field> </Record> 
  <Record> <Field>Disposition</Field> <Field>Y</Field> <Field>UpperModel.0001_NASA_PDS_1.Units_of_Optical_Path_Length</Field> <Field>1Mu</Field> <Field>#22</Field> <Field>pds</Field> <Field>pds</Field> </Record> 
  <Record> <Field>Disposition</Field> <Field>Y</Field> <Field>UpperModel.0001_NASA_PDS_1.Units_of_Pressure</Field> <Field>1Mu</Field> <Field>#22</Field> <Field>pds</Field> <Field>pds</Field> </Record> 
  <Record> <Field>Disposition</Field> <Field>Y</Field> <Field>UpperModel.0001_NASA_PDS_1.Units_of_Radiance</Field> <Field>1Mu</Field> <Field>#22</Field> <Field>pds</Field> <Field>pds</Field> </Record> 
  <Record> <Field>Disposition</Field> <Field>Y</Field> <Field>UpperModel.0001_NASA_PDS_1.Units_of_Rates</Field> <Field>1Mu</Field> <Field>#22</Field> <Field>pds</Field> <Field>pds</Field> </Record> 
  <Record> <Field>Disposition</Field> <Field>Y</Field> <Field>UpperModel.0001_NASA_PDS_1.Units_of_Map_Scale</Field> <Field>1Mu</Field> <Field>#22</Field> <Field>pds</Field> <Field>pds</Field> </Record> 
  <Record> <Field>Disposition</Field> <Field>Y</Field> <Field>UpperModel.0001_NASA_PDS_1.Units_of_Solid_Angle</Field> <Field>1Mu</Field> <Field>#22</Field> <Field>pds</Field> <Field>pds</Field> </Record> 
  <Record> <Field>Disposition</Field> <Field>Y</Field> <Field>UpperModel.0001_NASA_PDS_1.Units_of_Storage</Field> <Field>1Mu</Field> <Field>#22</Field> <Field>pds</Field> <Field>pds</Field> </Record> 
  <Record> <Field>Disposition</Field> <Field>Y</Field> <Field>UpperModel.0001_NASA_PDS_1.Units_of_Time</Field> <Field>1Mu</Field> <Field>#22</Field> <Field>pds</Field> <Field>pds</Field> </Record> 
  <Record> <Field>Disposition</Field> <Field>Y</Field> <Field>UpperModel.0001_NASA_PDS_1.Units_of_Temperature</Field> <Field>1Mu</Field> <Field>#22</Field> <Field>pds</Field> <Field>pds</Field> </Record> 
  <Record> <Field>Disposition</Field> <Field>Y</Field> <Field>UpperModel.0001_NASA_PDS_1.Units_of_Velocity</Field> <Field>1Mu</Field> <Field>#22</Field> <Field>pds</Field> <Field>pds</Field> </Record> 
  <Record> <Field>Disposition</Field> <Field>Y</Field> <Field>UpperModel.0001_NASA_PDS_1.Units_of_Voltage</Field> <Field>1Mu</Field> <Field>#22</Field> <Field>pds</Field> <Field>pds</Field> </Record> 
  <Record> <Field>Disposition</Field> <Field>Y</Field> <Field>UpperModel.0001_NASA_PDS_1.Units_of_Volume</Field> <Field>1Mu</Field> <Field>#22</Field> <Field>pds</Field> <Field>pds</Field> </Record> 
  <Record> <Field>Disposition</Field> <Field>Y</Field> <Field>UpperModel.0001_NASA_PDS_1.Units_of_Wavelength</Field> <Field>1Mu</Field> <Field>#22</Field> <Field>pds</Field> <Field>pds</Field> </Record> 
  <Record> <Field>Disposition</Field> <Field>Y</Field> <Field>UpperModel.0001_NASA_PDS_1.Units_of_Wavenumber</Field> <Field>1Mu</Field> <Field>#22</Field> <Field>pds</Field> <Field>pds</Field> </Record> 
  <Record> <Field>Disposition</Field> <Field>Y</Field> <Field>UpperModel.0001_NASA_PDS_1.Units_of_Spectral_Irradiance</Field> <Field>1Mu</Field> <Field>#22</Field> <Field>pds</Field> <Field>pds</Field> </Record> 
  <Record> <Field>Disposition</Field> <Field>Y</Field> <Field>UpperModel.0001_NASA_PDS_1.Units_of_Spectral_Radiance</Field> <Field>1Mu</Field> <Field>#22</Field> <Field>pds</Field> <Field>pds</Field> </Record> 

  <Record> <Field>Disposition</Field> <Field>Y</Field> <Field>UpperModel.0001_NASA_PDS_1.Units_of_Pixel_Scale_Linear</Field> <Field>1Mu</Field> <Field>#22</Field> <Field>pds</Field> <Field>pds</Field> </Record> 
  <Record> <Field>Disposition</Field> <Field>Y</Field> <Field>UpperModel.0001_NASA_PDS_1.Units_of_Pixel_Scale_Angular</Field> <Field>1Mu</Field> <Field>#22</Field> <Field>pds</Field> <Field>pds</Field> </Record> 
  <Record> <Field>Disposition</Field> <Field>Y</Field> <Field>UpperModel.0001_NASA_PDS_1.Units_of_Pixel_Resolution_Linear</Field> <Field>1Mu</Field> <Field>#22</Field> <Field>pds</Field> <Field>pds</Field> </Record> 
  <Record> <Field>Disposition</Field> <Field>Y</Field> <Field>UpperModel.0001_NASA_PDS_1.Units_of_Pixel_Resolution_Angular</Field> <Field>1Mu</Field> <Field>#22</Field> <Field>pds</Field> <Field>pds</Field> </Record> 
  <Record> <Field>Disposition</Field> <Field>Y</Field> <Field>UpperModel.0001_NASA_PDS_1.Units_of_Pixel_Scale_Map</Field> <Field>1Mu</Field> <Field>#22</Field> <Field>pds</Field> <Field>cart</Field> </Record> 
  <Record> <Field>Disposition</Field> <Field>Y</Field> <Field>UpperModel.0001_NASA_PDS_1.Units_of_Pixel_Resolution_Map</Field> <Field>1Mu</Field> <Field>#22</Field> <Field>pds</Field> <Field>cart</Field> </Record> 

  <Comment> </Comment>

  <Record> <Field>Disposition</Field> <Field>Y</Field> <Field>UpperModel.0001_NASA_PDS_1.Data_Type</Field> <Field>1Md</Field> <Field>#nm</Field> <Field>pds</Field> <Field>pds</Field> </Record> 
  <Record> <Field>Disposition</Field> <Field>Y</Field> <Field>UpperModel.0001_NASA_PDS_1.Data_Type_Component</Field> <Field>1Md</Field> <Field>#nm</Field> <Field>pds</Field> <Field>pds</Field> </Record> 
  <Record> <Field>Disposition</Field> <Field>Y</Field> <Field>UpperModel.0001_NASA_PDS_1.Data_Type_Concept</Field> <Field>1Md</Field> <Field>#nm</Field> <Field>pds</Field> <Field>pds</Field> </Record> 
  <Record> <Field>Disposition</Field> <Field>Y</Field> <Field>UpperModel.0001_NASA_PDS_1.Binary_Data_Type</Field> <Field>1Md</Field> <Field>#nm</Field> <Field>pds</Field> <Field>pds</Field> </Record> 

  <Record> <Field>Disposition</Field> <Field>Y</Field> <Field>UpperModel.0001_NASA_PDS_1.Object</Field> <Field>1M</Field> <Field>#nm</Field> <Field>pds</Field> <Field>pds</Field> </Record> 

  <Comment> </Comment>

  
  <Comment> </Comment>
  <Comment> Imaging </Comment>
 
</Table>

