<?xml version="1.0" encoding="UTF-8"?>
  <!-- PDS4 XML product label for PDS4 V1.24.0.0  Mon Apr 28 13:35:25 EDT 2025 -->
  <!-- Generated from the PDS4 Information Model V1.24.0.0 - System Build 15.1 -->
  <!-- *** This PDS4 XML product label is an operational deliverable. *** -->
<?xml-model href="https://pds.nasa.gov/pds4/pds/v1/PDS4_PDS_1O00.sch"
  schematypens="http://purl.oclc.org/dsdl/schematron"?>
<Product_XML_Schema xmlns="http://pds.nasa.gov/pds4/pds/v1"
    xmlns:pds="http://pds.nasa.gov/pds4/pds/v1"
    xmlns:xsi="http://www.w3.org/2001/XMLSchema-instance"
    xsi:schemaLocation="http://pds.nasa.gov/pds4/pds/v1
    https://pds.nasa.gov/pds4/pds/v1/PDS4_PDS_1O00.xsd">
    <Identification_Area>
        <logical_identifier>urn:nasa:pds:system_bundle:xml_schema:pds-xml_schema_1.24.0.0</logical_identifier>
        <version_id>1.0</version_id>
        <title>PDS4 XML Schema - PDS V1.24.0.0</title>
        <information_model_version>1.24.0.0</information_model_version>
        <product_class>Product_XML_Schema</product_class>
        <Modification_History>
            <Modification_Detail>
                <modification_date>2025-04-28</modification_date>
                <version_id>1.0</version_id>
                <description>This is the system generated PDS4 product label for PDS4 XML Schema and Schematron files.</description>
            </Modification_Detail>
        </Modification_History>
    </Identification_Area>
    <File_Area_XML_Schema>
        <File>
            <file_name>PDS4_PDS_1O00.xsd</file_name>
            <creation_date_time>2025-04-28T10:35:25</creation_date_time>
            <file_size unit="byte">428726</file_size>
            <records>9039</records>
        </File>
        <XML_Schema>
            <name>PDS4_PDS_1O00.xsd</name>
            <offset unit="byte">0</offset>
            <parsing_standard_id>XML Schema Version 1.1</parsing_standard_id>
            <description>This is a PDS4 XML Schema file for the declared namespace.</description>
        </XML_Schema>
    </File_Area_XML_Schema>
    <File_Area_XML_Schema>
        <File>
            <file_name>PDS4_PDS_1O00.sch</file_name>
            <creation_date_time>2025-04-28T10:35:25</creation_date_time>
            <file_size unit="byte">235944</file_size>
            <records>2984</records>
        </File>
        <XML_Schema>
            <name>PDS4_PDS_1O00.sch</name>
            <offset unit="byte">0</offset>
            <parsing_standard_id>Schematron ISO/IEC 19757-3:2006</parsing_standard_id>
            <description>This is the PDS4 Schematron file for the declared namespace. Schematron provides rule-based validation for XML Schema.</description>
        </XML_Schema>
    </File_Area_XML_Schema>
</Product_XML_Schema>
